{
    "bamboo_jungle": 48,
    "bamboo_jungle_hills": 49,
    "basalt_deltas": 181,
    "beach": 16,
    "birch_forest": 27,
    "birch_forest_hills": 28,
    "birch_forest_hills_mutated": 156,
    "birch_forest_mutated": 155,
    "cherry_grove": 192,
    "cold_beach": 26,
    "cold_ocean": 44,
    "cold_taiga": 30,
    "cold_taiga_hills": 31,
    "cold_taiga_mutated": 158,
    "crimson_forest": 179,
    "deep_cold_ocean": 45,
    "deep_dark": 190,
    "deep_frozen_ocean": 47,
    "deep_lukewarm_ocean": 43,
    "deep_ocean": 24,
    "deep_warm_ocean": 41,
    "desert": 2,
    "desert_hills": 17,
    "desert_mutated": 130,
    "dripstone_caves": 188,
    "extreme_hills": 3,
    "extreme_hills_edge": 20,
    "extreme_hills_mutated": 131,
    "extreme_hills_plus_trees": 34,
    "extreme_hills_plus_trees_mutated": 162,
    "flower_forest": 132,
    "forest": 4,
    "forest_hills": 18,
    "frozen_ocean": 46,
    "frozen_peaks": 183,
    "frozen_river": 11,
    "grove": 185,
    "hell": 8,
    "ice_mountains": 13,
    "ice_plains": 12,
    "ice_plains_spikes": 140,
    "jagged_peaks": 182,
    "jungle": 21,
    "jungle_edge": 23,
    "jungle_edge_mutated": 151,
    "jungle_hills": 22,
    "jungle_mutated": 149,
    "legacy_frozen_ocean": 10,
    "lukewarm_ocean": 42,
    "lush_caves": 187,
    "mangrove_swamp": 191,
    "meadow": 186,
    "mega_taiga": 32,
    "mega_taiga_hills": 33,
    "mesa": 37,
    "mesa_bryce": 165,
    "mesa_plateau": 39,
    "mesa_plateau_mutated": 167,
    "mesa_plateau_stone": 38,
    "mesa_plateau_stone_mutated": 166,
    "mushroom_island": 14,
    "mushroom_island_shore": 15,
    "ocean": 0,
    "pale_garden": 193,
    "plains": 1,
    "redwood_taiga_hills_mutated": 161,
    "redwood_taiga_mutated": 160,
    "river": 7,
    "roofed_forest": 29,
    "roofed_forest_mutated": 157,
    "savanna": 35,
    "savanna_mutated": 163,
    "savanna_plateau": 36,
    "savanna_plateau_mutated": 164,
    "snowy_slopes": 184,
    "soulsand_valley": 178,
    "stone_beach": 25,
    "stony_peaks": 189,
    "sunflower_plains": 129,
    "swampland": 6,
    "swampland_mutated": 134,
    "taiga": 5,
    "taiga_hills": 19,
    "taiga_mutated": 133,
    "the_end": 9,
    "warm_ocean": 40,
    "warped_forest": 180
}
