{
    "balloongas": 56,
    "bleach": 64,
    "blockforcefield": 4,
    "breezewindexplosion": 18,
    "bubble": 1,
    "bubblecolumndown": 61,
    "bubblecolumnup": 60,
    "bubblemanual": 2,
    "campfiresmoke": 68,
    "campfiresmoketall": 69,
    "candleflame": 9,
    "carrotboost": 46,
    "coloredflame": 57,
    "conduit": 59,
    "creakingcrumble": 94,
    "crit": 3,
    "dragonbreath": 49,
    "dragonbreathfire": 70,
    "dragonbreathtrail": 71,
    "dragondestroyblock": 65,
    "driphoney": 30,
    "driplava": 29,
    "dripwater": 28,
    "dustplume": 88,
    "electricspark": 82,
    "enchantingtable": 42,
    "endrod": 48,
    "evaporation": 7,
    "explode": 6,
    "eyeblossomclose": 97,
    "eyeblossomopen": 96,
    "fallingborderdust": 67,
    "fallingdust": 33,
    "fireworks": 54,
    "fireworksoverlay": 55,
    "fireworksstarter": 53,
    "flame": 8,
    "food": 52,
    "heart": 20,
    "hugeexplosion": 17,
    "iconcrack": 14,
    "ink": 37,
    "largeexplode": 16,
    "largesmoke": 11,
    "lava": 10,
    "mobappearance": 47,
    "mobflame": 19,
    "mobspell": 34,
    "mobspellambient": 35,
    "mobspellinstantaneous": 36,
    "myceliumdust": 66,
    "none": 0,
    "note": 44,
    "obsidiantear": 74,
    "portal": 23,
    "portalreverse": 75,
    "rainsplash": 39,
    "reddust": 12,
    "risingborderdust": 13,
    "sculksoul": 84,
    "shriek": 83,
    "shulkerbullet": 63,
    "slime": 38,
    "smoke": 5,
    "sneeze": 62,
    "snowballpoof": 15,
    "snowflake": 76,
    "sonicexplosion": 85,
    "soul": 73,
    "sparkler": 58,
    "spit": 50,
    "stalactitedriplava": 32,
    "stalactitedripwater": 31,
    "terrain": 21,
    "totem": 51,
    "townaura": 22,
    "trackingemitter": 43,
    "vaultconnection": 90,
    "villagerangry": 40,
    "villagerhappy": 41,
    "watersplash": 25,
    "watersplashmanual": 26,
    "waterwake": 27,
    "wax": 81,
    "whitesmoke": 89,
    "windexplosion": 91,
    "witchspell": 45,
    "wolfarmorcrack": 92
}
