{
    "version": {
        "major": 1,
        "minor": 21,
        "patch": 50,
        "revision": 29,
        "beta": false,
        "protocol_version": 766
    },
    "packets": {
        "LoginPacket": 1,
        "PlayStatusPacket": 2,
        "ServerToClientHandshakePacket": 3,
        "ClientToServerHandshakePacket": 4,
        "DisconnectPacket": 5,
        "ResourcePacksInfoPacket": 6,
        "ResourcePackStackPacket": 7,
        "ResourcePackClientResponsePacket": 8,
        "TextPacket": 9,
        "SetTimePacket": 10,
        "StartGamePacket": 11,
        "AddPlayerPacket": 12,
        "AddActorPacket": 13,
        "RemoveActorPacket": 14,
        "AddItemActorPacket": 15,
        "ServerPlayerPostMovePositionPacket": 16,
        "TakeItemActorPacket": 17,
        "MoveActorAbsolutePacket": 18,
        "MovePlayerPacket": 19,
        "PassengerJumpPacket": 20,
        "UpdateBlockPacket": 21,
        "AddPaintingPacket": 22,
        "LevelSoundEventPacketV1": 24,
        "LevelEventPacket": 25,
        "BlockEventPacket": 26,
        "ActorEventPacket": 27,
        "MobEffectPacket": 28,
        "UpdateAttributesPacket": 29,
        "InventoryTransactionPacket": 30,
        "MobEquipmentPacket": 31,
        "MobArmorEquipmentPacket": 32,
        "InteractPacket": 33,
        "BlockPickRequestPacket": 34,
        "ActorPickRequestPacket": 35,
        "PlayerActionPacket": 36,
        "HurtArmorPacket": 38,
        "SetActorDataPacket": 39,
        "SetActorMotionPacket": 40,
        "SetActorLinkPacket": 41,
        "SetHealthPacket": 42,
        "SetSpawnPositionPacket": 43,
        "AnimatePacket": 44,
        "RespawnPacket": 45,
        "ContainerOpenPacket": 46,
        "ContainerClosePacket": 47,
        "PlayerHotbarPacket": 48,
        "InventoryContentPacket": 49,
        "InventorySlotPacket": 50,
        "ContainerSetDataPacket": 51,
        "CraftingDataPacket": 52,
        "GuiDataPickItemPacket": 54,
        "BlockActorDataPacket": 56,
        "PlayerInputPacket": 57,
        "LevelChunkPacket": 58,
        "SetCommandsEnabledPacket": 59,
        "SetDifficultyPacket": 60,
        "ChangeDimensionPacket": 61,
        "SetPlayerGameTypePacket": 62,
        "PlayerListPacket": 63,
        "SimpleEventPacket": 64,
        "LegacyTelemetryEventPacket": 65,
        "SpawnExperienceOrbPacket": 66,
        "ClientboundMapItemDataPacket": 67,
        "MapInfoRequestPacket": 68,
        "RequestChunkRadiusPacket": 69,
        "ChunkRadiusUpdatedPacket": 70,
        "GameRulesChangedPacket": 72,
        "CameraPacket": 73,
        "BossEventPacket": 74,
        "ShowCreditsPacket": 75,
        "AvailableCommandsPacket": 76,
        "CommandRequestPacket": 77,
        "CommandBlockUpdatePacket": 78,
        "CommandOutputPacket": 79,
        "UpdateTradePacket": 80,
        "UpdateEquipPacket": 81,
        "ResourcePackDataInfoPacket": 82,
        "ResourcePackChunkDataPacket": 83,
        "ResourcePackChunkRequestPacket": 84,
        "TransferPacket": 85,
        "PlaySoundPacket": 86,
        "StopSoundPacket": 87,
        "SetTitlePacket": 88,
        "AddBehaviorTreePacket": 89,
        "StructureBlockUpdatePacket": 90,
        "ShowStoreOfferPacket": 91,
        "PurchaseReceiptPacket": 92,
        "PlayerSkinPacket": 93,
        "SubClientLoginPacket": 94,
        "AutomationClientConnectPacket": 95,
        "SetLastHurtByPacket": 96,
        "BookEditPacket": 97,
        "NpcRequestPacket": 98,
        "PhotoTransferPacket": 99,
        "ModalFormRequestPacket": 100,
        "ModalFormResponsePacket": 101,
        "ServerSettingsRequestPacket": 102,
        "ServerSettingsResponsePacket": 103,
        "ShowProfilePacket": 104,
        "SetDefaultGameTypePacket": 105,
        "RemoveObjectivePacket": 106,
        "SetDisplayObjectivePacket": 107,
        "SetScorePacket": 108,
        "LabTablePacket": 109,
        "UpdateBlockSyncedPacket": 110,
        "MoveActorDeltaPacket": 111,
        "SetScoreboardIdentityPacket": 112,
        "SetLocalPlayerAsInitializedPacket": 113,
        "UpdateSoftEnumPacket": 114,
        "NetworkStackLatencyPacket": 115,
        "SpawnParticleEffectPacket": 118,
        "AvailableActorIdentifiersPacket": 119,
        "LevelSoundEventPacketV2": 120,
        "NetworkChunkPublisherUpdatePacket": 121,
        "BiomeDefinitionListPacket": 122,
        "LevelSoundEventPacket": 123,
        "LevelEventGenericPacket": 124,
        "LecternUpdatePacket": 125,
        "ClientCacheStatusPacket": 129,
        "OnScreenTextureAnimationPacket": 130,
        "MapCreateLockedCopyPacket": 131,
        "StructureTemplateDataRequestPacket": 132,
        "StructureTemplateDataResponsePacket": 133,
        "ClientCacheBlobStatusPacket": 135,
        "ClientCacheMissResponsePacket": 136,
        "EducationSettingsPacket": 137,
        "EmotePacket": 138,
        "MultiplayerSettingsPacket": 139,
        "SettingsCommandPacket": 140,
        "AnvilDamagePacket": 141,
        "CompletedUsingItemPacket": 142,
        "NetworkSettingsPacket": 143,
        "PlayerAuthInputPacket": 144,
        "CreativeContentPacket": 145,
        "PlayerEnchantOptionsPacket": 146,
        "ItemStackRequestPacket": 147,
        "ItemStackResponsePacket": 148,
        "PlayerArmorDamagePacket": 149,
        "CodeBuilderPacket": 150,
        "UpdatePlayerGameTypePacket": 151,
        "EmoteListPacket": 152,
        "PositionTrackingDBServerBroadcastPacket": 153,
        "PositionTrackingDBClientRequestPacket": 154,
        "DebugInfoPacket": 155,
        "PacketViolationWarningPacket": 156,
        "MotionPredictionHintsPacket": 157,
        "AnimateEntityPacket": 158,
        "CameraShakePacket": 159,
        "PlayerFogPacket": 160,
        "CorrectPlayerMovePredictionPacket": 161,
        "ItemComponentPacket": 162,
        "ClientboundDebugRendererPacket": 164,
        "SyncActorPropertyPacket": 165,
        "AddVolumeEntityPacket": 166,
        "RemoveVolumeEntityPacket": 167,
        "SimulationTypePacket": 168,
        "NpcDialoguePacket": 169,
        "EduUriResourcePacket": 170,
        "CreatePhotoPacket": 171,
        "UpdateSubChunkBlocksPacket": 172,
        "SubChunkPacket": 174,
        "SubChunkRequestPacket": 175,
        "PlayerStartItemCooldownPacket": 176,
        "ScriptMessagePacket": 177,
        "CodeBuilderSourcePacket": 178,
        "TickingAreasLoadStatusPacket": 179,
        "DimensionDataPacket": 180,
        "AgentActionEventPacket": 181,
        "ChangeMobPropertyPacket": 182,
        "LessonProgressPacket": 183,
        "RequestAbilityPacket": 184,
        "RequestPermissionsPacket": 185,
        "ToastRequestPacket": 186,
        "UpdateAbilitiesPacket": 187,
        "UpdateAdventureSettingsPacket": 188,
        "DeathInfoPacket": 189,
        "EditorNetworkPacket": 190,
        "FeatureRegistryPacket": 191,
        "ServerStatsPacket": 192,
        "RequestNetworkSettingsPacket": 193,
        "GameTestRequestPacket": 194,
        "GameTestResultsPacket": 195,
        "UpdateClientInputLocksPacket": 196,
        "CameraPresetsPacket": 198,
        "UnlockedRecipesPacket": 199,
        "CameraInstructionPacket": 300,
        "CompressedBiomeDefinitionListPacket": 301,
        "TrimDataPacket": 302,
        "OpenSignPacket": 303,
        "AgentAnimationPacket": 304,
        "RefreshEntitlementsPacket": 305,
        "PlayerToggleCrafterSlotRequestPacket": 306,
        "SetPlayerInventoryOptionsPacket": 307,
        "SetHudPacket": 308,
        "AwardAchievementPacket": 309,
        "ClientboundCloseFormPacket": 310,
        "ServerboundLoadingScreenPacket": 312,
        "JigsawStructureDataPacket": 313,
        "CurrentStructureFeaturePacket": 314,
        "ServerboundDiagnosticsPacket": 315,
        "CameraAimAssistPacket": 316,
        "ContainerRegistryCleanupPacket": 317,
        "MovementEffectPacket": 318,
        "SetMovementAuthorityPacket": 319,
        "CameraAimAssistPresetsPacket": 320
    }
}