{
    "add.chest": 39,
    "admire": 298,
    "agitated": 370,
    "ambient": 10,
    "ambient.aggressive": 252,
    "ambient.baby": 11,
    "ambient.basalt_deltas.additions": 326,
    "ambient.basalt_deltas.loop": 321,
    "ambient.candle": 362,
    "ambient.cave": 295,
    "ambient.crimson_forest.additions": 327,
    "ambient.crimson_forest.loop": 322,
    "ambient.crimson_forest.mood": 307,
    "ambient.in.raid": 274,
    "ambient.in.water": 12,
    "ambient.nether_wastes.additions": 325,
    "ambient.nether_wastes.loop": 320,
    "ambient.nether_wastes.mood": 305,
    "ambient.pollinate": 288,
    "ambient.screamer": 348,
    "ambient.soulsand_valley.additions": 324,
    "ambient.soulsand_valley.loop": 319,
    "ambient.soulsand_valley.mood": 304,
    "ambient.tame": 242,
    "ambient.warped_forest.additions": 323,
    "ambient.warped_forest.loop": 318,
    "ambient.warped_forest.mood": 303,
    "ambient.worried": 253,
    "angry": 302,
    "armor": 37,
    "armor.equip_chain": 94,
    "armor.equip_diamond": 95,
    "armor.equip_elytra": 100,
    "armor.equip_generic": 96,
    "armor.equip_gold": 97,
    "armor.equip_iron": 98,
    "armor.equip_leather": 99,
    "armor.equip_netherite": 317,
    "attach": 75,
    "attack": 41,
    "attack.nodamage": 42,
    "attack.strong": 43,
    "balloonpop": 190,
    "beacon.activate": 229,
    "beacon.ambient": 230,
    "beacon.deactivate": 231,
    "beacon.power": 232,
    "blast": 57,
    "block.bamboo_sapling.place": 239,
    "block.barrel.close": 271,
    "block.barrel.open": 270,
    "block.beehive.drip": 289,
    "block.beehive.enter": 290,
    "block.beehive.exit": 291,
    "block.beehive.shear": 293,
    "block.beehive.work": 292,
    "block.bell.hit": 258,
    "block.blastfurnace.fire_crackle": 279,
    "block.campfire.crackle": 259,
    "block.cartography_table.use": 264,
    "block.click": 363,
    "block.click.fail": 364,
    "block.composter.empty": 266,
    "block.composter.fill": 267,
    "block.composter.fill_success": 268,
    "block.composter.ready": 269,
    "block.end_portal.spawn": 174,
    "block.end_portal_frame.fill": 173,
    "block.fletching_table.use": 187,
    "block.frog_spawn.break": 435,
    "block.frog_spawn.hatch": 433,
    "block.furnace.lit": 283,
    "block.grindstone.use": 257,
    "block.loom.use": 273,
    "block.scaffolding.climb": 244,
    "block.sculk.spread": 379,
    "block.sculk_sensor.place": 381,
    "block.sculk_shrieker.place": 382,
    "block.sculk_shrieker.shriek": 366,
    "block.smithing_table.use": 280,
    "block.smoker.smoke": 278,
    "block.stonecutter.use": 265,
    "block.sweet_berry_bush.hurt": 262,
    "block.sweet_berry_bush.pick": 263,
    "block.turtle_egg.attack": 228,
    "block.turtle_egg.break": 224,
    "block.turtle_egg.crack": 225,
    "block.turtle_egg.hatch": 226,
    "bloom.sculk_catalyst": 365,
    "boost": 20,
    "born": 223,
    "bottle.dragonbreath": 176,
    "bow": 21,
    "bow.hit": 63,
    "break": 5,
    "break.block": 55,
    "breathe": 13,
    "bubble.down": 215,
    "bubble.downinside": 218,
    "bubble.pop": 216,
    "bubble.up": 214,
    "bubble.upinside": 217,
    "bucket.empty.fish": 213,
    "bucket.empty.lava": 93,
    "bucket.empty.powder_snow": 331,
    "bucket.empty.water": 92,
    "bucket.fill.fish": 212,
    "bucket.fill.lava": 91,
    "bucket.fill.powder_snow": 330,
    "bucket.fill.water": 90,
    "bullet.hit": 64,
    "burp": 89,
    "cake.add_candle": 360,
    "camera.take_picture": 135,
    "cant_breed": 254,
    "cast.spell": 129,
    "cauldron_drip.lava.pointed_dripstone": 333,
    "cauldron_drip.water.pointed_dripstone": 332,
    "celebrate": 286,
    "charge": 134,
    "charge.sculk": 380,
    "chest.closed": 68,
    "chest.open": 67,
    "chime.amethyst_block": 347,
    "chorusdeath": 126,
    "chorusgrow": 125,
    "conduit.activate": 233,
    "conduit.ambient": 234,
    "conduit.attack": 235,
    "conduit.deactivate": 236,
    "conduit.short": 237,
    "convert_mooshroom": 284,
    "convert_to_drowned": 211,
    "convert_to_frog": 440,
    "convert_to_stray": 359,
    "converted_to_zombified": 297,
    "copper.wax.off": 340,
    "copper.wax.on": 339,
    "crossbow.loading.end": 247,
    "crossbow.loading.middle": 246,
    "crossbow.loading.start": 245,
    "crossbow.quick_charge.end": 251,
    "crossbow.quick_charge.middle": 250,
    "crossbow.quick_charge.start": 249,
    "crossbow.shoot": 248,
    "death": 14,
    "death.baby": 220,
    "death.in.water": 15,
    "death.mid.volume": 144,
    "death.min.volume": 143,
    "death.screamer": 350,
    "death.to.zombie": 16,
    "default": 186,
    "deny": 77,
    "detach": 76,
    "disappeared": 430,
    "drink": 30,
    "drink.honey": 294,
    "drip.lava.pointed_dripstone": 335,
    "drip.water.pointed_dripstone": 334,
    "drop.slot": 80,
    "eat": 31,
    "elderguardian.curse": 115,
    "elemconstruct.open": 188,
    "enderchest.closed": 72,
    "enderchest.open": 71,
    "explode": 48,
    "extinguish.candle": 361,
    "extinguish.fire": 65,
    "fall": 9,
    "fall.big": 24,
    "fall.small": 25,
    "fang": 133,
    "fire": 49,
    "fizz": 27,
    "flap": 28,
    "flop": 114,
    "fly": 3,
    "fuse": 51,
    "gallop": 8,
    "glass": 127,
    "glow_squid.ink_squirt": 358,
    "glowstick.use": 209,
    "growl": 138,
    "haggle": 121,
    "haggle.idle": 124,
    "haggle.no": 123,
    "haggle.yes": 122,
    "heartbeat": 376,
    "heavy.step": 7,
    "hit": 1,
    "horn_break": 377,
    "horn_call0": 383,
    "horn_call1": 384,
    "horn_call2": 385,
    "horn_call3": 386,
    "horn_call4": 387,
    "horn_call5": 388,
    "horn_call6": 389,
    "horn_call7": 390,
    "hurt": 17,
    "hurt.baby": 219,
    "hurt.in.water": 18,
    "hurt.screamer": 349,
    "icebomb.hit": 189,
    "ignite": 50,
    "imitate.blaze": 145,
    "imitate.cave_spider": 146,
    "imitate.creeper": 147,
    "imitate.elder_guardian": 148,
    "imitate.ender_dragon": 149,
    "imitate.enderman": 150,
    "imitate.evocation_illager": 152,
    "imitate.ghast": 153,
    "imitate.husk": 154,
    "imitate.illusion_illager": 155,
    "imitate.magma_cube": 156,
    "imitate.polar_bear": 157,
    "imitate.shulker": 158,
    "imitate.silverfish": 159,
    "imitate.skeleton": 160,
    "imitate.slime": 161,
    "imitate.spider": 162,
    "imitate.stray": 163,
    "imitate.vex": 164,
    "imitate.vindication_illager": 165,
    "imitate.warden": 426,
    "imitate.witch": 166,
    "imitate.wither": 167,
    "imitate.wither_skeleton": 168,
    "imitate.wolf": 169,
    "imitate.zombie": 170,
    "imitate.zombie_pigman": 171,
    "imitate.zombie_villager": 172,
    "irongolem.crack": 373,
    "irongolem.repair": 374,
    "item.book.put": 256,
    "item.fizz": 66,
    "item.shield.block": 255,
    "item.spyglass.stop_using": 346,
    "item.spyglass.use": 345,
    "item.trident.hit": 178,
    "item.trident.hit_ground": 185,
    "item.trident.return": 179,
    "item.trident.riptide_1": 180,
    "item.trident.riptide_2": 181,
    "item.trident.riptide_3": 182,
    "item.trident.throw": 183,
    "item.trident.thunder": 184,
    "item.use.on": 0,
    "item_given": 428,
    "item_taken": 429,
    "item_thrown": 438,
    "jump": 4,
    "jump.prevent": 287,
    "jump_to_block": 352,
    "land": 35,
    "large.blast": 58,
    "launch": 56,
    "lava": 88,
    "lava.pop": 87,
    "lay_egg": 227,
    "lay_spawn": 434,
    "leashknot.break": 137,
    "leashknot.place": 136,
    "levelup": 62,
    "listening": 375,
    "listening_angry": 427,
    "lodestone_compass.link_compass_to_lodestone": 315,
    "lt.reaction.bleach": 192,
    "lt.reaction.epaste": 193,
    "lt.reaction.epaste2": 194,
    "lt.reaction.fertilizer": 199,
    "lt.reaction.fire": 203,
    "lt.reaction.fireball": 200,
    "lt.reaction.icebomb": 191,
    "lt.reaction.mgsalt": 201,
    "lt.reaction.miscexplosion": 204,
    "lt.reaction.miscfire": 202,
    "lt.reaction.miscmystical": 205,
    "lt.reaction.miscmystical2": 206,
    "lt.reaction.product": 207,
    "mad": 19,
    "milk": 46,
    "milk.screamer": 351,
    "milk_suspiciously": 285,
    "mob.armor_stand.place": 38,
    "mob.player.hurt_drown": 342,
    "mob.player.hurt_freeze": 344,
    "mob.player.hurt_on_fire": 343,
    "mob.warning": 116,
    "mob.warning.baby": 117,
    "nearby_close": 367,
    "nearby_closer": 368,
    "nearby_closest": 369,
    "note": 81,
    "panic": 301,
    "pant": 140,
    "particle.soul_escape.loud": 313,
    "particle.soul_escape.quiet": 312,
    "pick_berries.cave_vines": 336,
    "piston.in": 83,
    "piston.out": 84,
    "place": 6,
    "plop": 34,
    "pop": 79,
    "portal": 85,
    "portal.travel": 177,
    "potion.brewed": 128,
    "power.off": 74,
    "power.off.sculk_sensor": 329,
    "power.on": 73,
    "power.on.sculk_sensor": 328,
    "pre_ram": 353,
    "pre_ram.screamer": 354,
    "prepare.attack": 130,
    "prepare.summon": 131,
    "prepare.wololo": 132,
    "presneeze": 240,
    "purr": 141,
    "purreow": 142,
    "raid.horn": 272,
    "ram_impact": 355,
    "ram_impact.screamer": 356,
    "random.anvil_use": 175,
    "reappeared": 431,
    "record.11": 111,
    "record.13": 101,
    "record.5": 439,
    "record.blocks": 103,
    "record.cat": 102,
    "record.chirp": 104,
    "record.far": 105,
    "record.mall": 106,
    "record.mellohi": 107,
    "record.otherside": 371,
    "record.pigstep": 314,
    "record.stal": 108,
    "record.strad": 109,
    "record.wait": 112,
    "record.ward": 110,
    "remedy": 60,
    "respawn_anchor.ambient": 311,
    "respawn_anchor.basalt_deltas.mood": 306,
    "respawn_anchor.charge": 308,
    "respawn_anchor.deplete": 309,
    "respawn_anchor.set_spawn": 310,
    "retreat": 296,
    "roar": 260,
    "saddle": 36,
    "scared": 243,
    "scrape": 341,
    "screech": 281,
    "shake": 33,
    "shear": 45,
    "shoot": 54,
    "shulker.close": 120,
    "shulker.open": 119,
    "shulkerbox.closed": 70,
    "shulkerbox.open": 69,
    "sleep": 282,
    "smithing_table.use": 316,
    "sneeze": 241,
    "sonic_boom": 436,
    "sonic_charge": 437,
    "sparkler.active": 210,
    "sparkler.use": 208,
    "spawn": 53,
    "splash": 26,
    "squid.ink_squirt": 357,
    "squish.big": 22,
    "squish.small": 23,
    "stare": 52,
    "step": 2,
    "step.baby": 221,
    "step_lava": 299,
    "stop_record": 113,
    "stun": 261,
    "swim": 29,
    "swoop": 238,
    "takeoff": 32,
    "teleport": 118,
    "tempt": 300,
    "thorns": 82,
    "throw": 40,
    "thunder": 47,
    "tilt_down.big_dripleaf": 337,
    "tilt_up.big_dripleaf": 338,
    "tongue": 372,
    "tripod": 78,
    "twinkle": 59,
    "ui.cartography_table.take_result": 275,
    "ui.loom.take_result": 277,
    "ui.stonecutter.take_result": 276,
    "unfect": 61,
    "warn": 44,
    "water": 86,
    "whine": 139
}
