{
    "minecraft:acacia_button": "minecraft:acacia_button",
    "minecraft:acacia_door": "minecraft:item.acacia_door",
    "minecraft:acacia_fence": "minecraft:acacia_fence",
    "minecraft:acacia_fence_gate": "minecraft:acacia_fence_gate",
    "minecraft:acacia_log": "minecraft:acacia_log",
    "minecraft:acacia_planks": "minecraft:acacia_planks",
    "minecraft:acacia_pressure_plate": "minecraft:acacia_pressure_plate",
    "minecraft:acacia_stairs": "minecraft:acacia_stairs",
    "minecraft:acacia_standing_sign": "minecraft:acacia_standing_sign",
    "minecraft:acacia_trapdoor": "minecraft:acacia_trapdoor",
    "minecraft:acacia_wall_sign": "minecraft:acacia_wall_sign",
    "minecraft:activator_rail": "minecraft:activator_rail",
    "minecraft:allow": "minecraft:allow",
    "minecraft:amethyst_block": "minecraft:amethyst_block",
    "minecraft:amethyst_cluster": "minecraft:amethyst_cluster",
    "minecraft:ancient_debris": "minecraft:ancient_debris",
    "minecraft:andesite": "minecraft:andesite",
    "minecraft:andesite_stairs": "minecraft:andesite_stairs",
    "minecraft:anvil": "minecraft:anvil",
    "minecraft:azalea": "minecraft:azalea",
    "minecraft:azalea_leaves": "minecraft:azalea_leaves",
    "minecraft:azalea_leaves_flowered": "minecraft:azalea_leaves_flowered",
    "minecraft:bamboo": "minecraft:bamboo",
    "minecraft:bamboo_block": "minecraft:bamboo_block",
    "minecraft:bamboo_button": "minecraft:bamboo_button",
    "minecraft:bamboo_double_slab": "minecraft:bamboo_double_slab",
    "minecraft:bamboo_fence": "minecraft:bamboo_fence",
    "minecraft:bamboo_fence_gate": "minecraft:bamboo_fence_gate",
    "minecraft:bamboo_mosaic": "minecraft:bamboo_mosaic",
    "minecraft:bamboo_mosaic_double_slab": "minecraft:bamboo_mosaic_double_slab",
    "minecraft:bamboo_mosaic_slab": "minecraft:bamboo_mosaic_slab",
    "minecraft:bamboo_mosaic_stairs": "minecraft:bamboo_mosaic_stairs",
    "minecraft:bamboo_planks": "minecraft:bamboo_planks",
    "minecraft:bamboo_pressure_plate": "minecraft:bamboo_pressure_plate",
    "minecraft:bamboo_sapling": "minecraft:bamboo_sapling",
    "minecraft:bamboo_slab": "minecraft:bamboo_slab",
    "minecraft:bamboo_stairs": "minecraft:bamboo_stairs",
    "minecraft:bamboo_standing_sign": "minecraft:bamboo_standing_sign",
    "minecraft:bamboo_trapdoor": "minecraft:bamboo_trapdoor",
    "minecraft:bamboo_wall_sign": "minecraft:bamboo_wall_sign",
    "minecraft:barrel": "minecraft:barrel",
    "minecraft:barrier": "minecraft:barrier",
    "minecraft:basalt": "minecraft:basalt",
    "minecraft:beacon": "minecraft:beacon",
    "minecraft:bed": "minecraft:item.bed",
    "minecraft:bedrock": "minecraft:bedrock",
    "minecraft:bee_nest": "minecraft:bee_nest",
    "minecraft:beehive": "minecraft:beehive",
    "minecraft:beetroot": "minecraft:item.beetroot",
    "minecraft:bell": "minecraft:bell",
    "minecraft:big_dripleaf": "minecraft:big_dripleaf",
    "minecraft:birch_button": "minecraft:birch_button",
    "minecraft:birch_door": "minecraft:item.birch_door",
    "minecraft:birch_fence": "minecraft:birch_fence",
    "minecraft:birch_fence_gate": "minecraft:birch_fence_gate",
    "minecraft:birch_log": "minecraft:birch_log",
    "minecraft:birch_planks": "minecraft:birch_planks",
    "minecraft:birch_pressure_plate": "minecraft:birch_pressure_plate",
    "minecraft:birch_stairs": "minecraft:birch_stairs",
    "minecraft:birch_standing_sign": "minecraft:birch_standing_sign",
    "minecraft:birch_trapdoor": "minecraft:birch_trapdoor",
    "minecraft:birch_wall_sign": "minecraft:birch_wall_sign",
    "minecraft:black_candle": "minecraft:black_candle",
    "minecraft:black_candle_cake": "minecraft:black_candle_cake",
    "minecraft:black_carpet": "minecraft:black_carpet",
    "minecraft:black_concrete": "minecraft:black_concrete",
    "minecraft:black_concrete_powder": "minecraft:black_concrete_powder",
    "minecraft:black_glazed_terracotta": "minecraft:black_glazed_terracotta",
    "minecraft:black_shulker_box": "minecraft:black_shulker_box",
    "minecraft:black_stained_glass": "minecraft:black_stained_glass",
    "minecraft:black_stained_glass_pane": "minecraft:black_stained_glass_pane",
    "minecraft:black_terracotta": "minecraft:black_terracotta",
    "minecraft:black_wool": "minecraft:black_wool",
    "minecraft:blackstone": "minecraft:blackstone",
    "minecraft:blackstone_double_slab": "minecraft:blackstone_double_slab",
    "minecraft:blackstone_slab": "minecraft:blackstone_slab",
    "minecraft:blackstone_stairs": "minecraft:blackstone_stairs",
    "minecraft:blackstone_wall": "minecraft:blackstone_wall",
    "minecraft:blast_furnace": "minecraft:blast_furnace",
    "minecraft:blue_candle": "minecraft:blue_candle",
    "minecraft:blue_candle_cake": "minecraft:blue_candle_cake",
    "minecraft:blue_carpet": "minecraft:blue_carpet",
    "minecraft:blue_concrete": "minecraft:blue_concrete",
    "minecraft:blue_concrete_powder": "minecraft:blue_concrete_powder",
    "minecraft:blue_glazed_terracotta": "minecraft:blue_glazed_terracotta",
    "minecraft:blue_ice": "minecraft:blue_ice",
    "minecraft:blue_shulker_box": "minecraft:blue_shulker_box",
    "minecraft:blue_stained_glass": "minecraft:blue_stained_glass",
    "minecraft:blue_stained_glass_pane": "minecraft:blue_stained_glass_pane",
    "minecraft:blue_terracotta": "minecraft:blue_terracotta",
    "minecraft:blue_wool": "minecraft:blue_wool",
    "minecraft:bone_block": "minecraft:bone_block",
    "minecraft:bookshelf": "minecraft:bookshelf",
    "minecraft:border_block": "minecraft:border_block",
    "minecraft:brain_coral": "minecraft:brain_coral",
    "minecraft:brewing_stand": "minecraft:item.brewing_stand",
    "minecraft:brick_block": "minecraft:brick_block",
    "minecraft:brick_stairs": "minecraft:brick_stairs",
    "minecraft:brown_candle": "minecraft:brown_candle",
    "minecraft:brown_candle_cake": "minecraft:brown_candle_cake",
    "minecraft:brown_carpet": "minecraft:brown_carpet",
    "minecraft:brown_concrete": "minecraft:brown_concrete",
    "minecraft:brown_concrete_powder": "minecraft:brown_concrete_powder",
    "minecraft:brown_glazed_terracotta": "minecraft:brown_glazed_terracotta",
    "minecraft:brown_mushroom": "minecraft:brown_mushroom",
    "minecraft:brown_mushroom_block": "minecraft:brown_mushroom_block",
    "minecraft:brown_shulker_box": "minecraft:brown_shulker_box",
    "minecraft:brown_stained_glass": "minecraft:brown_stained_glass",
    "minecraft:brown_stained_glass_pane": "minecraft:brown_stained_glass_pane",
    "minecraft:brown_terracotta": "minecraft:brown_terracotta",
    "minecraft:brown_wool": "minecraft:brown_wool",
    "minecraft:bubble_column": "minecraft:bubble_column",
    "minecraft:bubble_coral": "minecraft:bubble_coral",
    "minecraft:budding_amethyst": "minecraft:budding_amethyst",
    "minecraft:cactus": "minecraft:cactus",
    "minecraft:cake": "minecraft:item.cake",
    "minecraft:calcite": "minecraft:calcite",
    "minecraft:calibrated_sculk_sensor": "minecraft:calibrated_sculk_sensor",
    "minecraft:camera": "minecraft:item.camera",
    "minecraft:campfire": "minecraft:item.campfire",
    "minecraft:candle": "minecraft:candle",
    "minecraft:candle_cake": "minecraft:candle_cake",
    "minecraft:carrots": "minecraft:carrots",
    "minecraft:cartography_table": "minecraft:cartography_table",
    "minecraft:carved_pumpkin": "minecraft:carved_pumpkin",
    "minecraft:cauldron": "minecraft:item.cauldron",
    "minecraft:cave_vines": "minecraft:cave_vines",
    "minecraft:cave_vines_body_with_berries": "minecraft:cave_vines_body_with_berries",
    "minecraft:cave_vines_head_with_berries": "minecraft:cave_vines_head_with_berries",
    "minecraft:chain": "minecraft:item.chain",
    "minecraft:chain_command_block": "minecraft:chain_command_block",
    "minecraft:chemical_heat": "minecraft:chemical_heat",
    "minecraft:chemistry_table": "minecraft:chemistry_table",
    "minecraft:cherry_button": "minecraft:cherry_button",
    "minecraft:cherry_double_slab": "minecraft:cherry_double_slab",
    "minecraft:cherry_fence": "minecraft:cherry_fence",
    "minecraft:cherry_fence_gate": "minecraft:cherry_fence_gate",
    "minecraft:cherry_leaves": "minecraft:cherry_leaves",
    "minecraft:cherry_log": "minecraft:cherry_log",
    "minecraft:cherry_planks": "minecraft:cherry_planks",
    "minecraft:cherry_pressure_plate": "minecraft:cherry_pressure_plate",
    "minecraft:cherry_sapling": "minecraft:cherry_sapling",
    "minecraft:cherry_slab": "minecraft:cherry_slab",
    "minecraft:cherry_stairs": "minecraft:cherry_stairs",
    "minecraft:cherry_standing_sign": "minecraft:cherry_standing_sign",
    "minecraft:cherry_trapdoor": "minecraft:cherry_trapdoor",
    "minecraft:cherry_wall_sign": "minecraft:cherry_wall_sign",
    "minecraft:cherry_wood": "minecraft:cherry_wood",
    "minecraft:chest": "minecraft:chest",
    "minecraft:chiseled_bookshelf": "minecraft:chiseled_bookshelf",
    "minecraft:chiseled_copper": "minecraft:chiseled_copper",
    "minecraft:chiseled_deepslate": "minecraft:chiseled_deepslate",
    "minecraft:chiseled_nether_bricks": "minecraft:chiseled_nether_bricks",
    "minecraft:chiseled_polished_blackstone": "minecraft:chiseled_polished_blackstone",
    "minecraft:chiseled_tuff": "minecraft:chiseled_tuff",
    "minecraft:chiseled_tuff_bricks": "minecraft:chiseled_tuff_bricks",
    "minecraft:chorus_flower": "minecraft:chorus_flower",
    "minecraft:chorus_plant": "minecraft:chorus_plant",
    "minecraft:clay": "minecraft:clay",
    "minecraft:client_request_placeholder_block": "minecraft:client_request_placeholder_block",
    "minecraft:coal_block": "minecraft:coal_block",
    "minecraft:coal_ore": "minecraft:coal_ore",
    "minecraft:cobbled_deepslate": "minecraft:cobbled_deepslate",
    "minecraft:cobbled_deepslate_double_slab": "minecraft:cobbled_deepslate_double_slab",
    "minecraft:cobbled_deepslate_slab": "minecraft:cobbled_deepslate_slab",
    "minecraft:cobbled_deepslate_stairs": "minecraft:cobbled_deepslate_stairs",
    "minecraft:cobbled_deepslate_wall": "minecraft:cobbled_deepslate_wall",
    "minecraft:cobblestone": "minecraft:cobblestone",
    "minecraft:cobblestone_wall": "minecraft:cobblestone_wall",
    "minecraft:cocoa": "minecraft:cocoa",
    "minecraft:colored_torch_bp": "minecraft:colored_torch_bp",
    "minecraft:colored_torch_rg": "minecraft:colored_torch_rg",
    "minecraft:command_block": "minecraft:command_block",
    "minecraft:composter": "minecraft:composter",
    "minecraft:conduit": "minecraft:conduit",
    "minecraft:copper_block": "minecraft:copper_block",
    "minecraft:copper_bulb": "minecraft:copper_bulb",
    "minecraft:copper_grate": "minecraft:copper_grate",
    "minecraft:copper_ore": "minecraft:copper_ore",
    "minecraft:copper_trapdoor": "minecraft:copper_trapdoor",
    "minecraft:coral_block": "minecraft:coral_block",
    "minecraft:coral_fan": "minecraft:coral_fan",
    "minecraft:coral_fan_dead": "minecraft:coral_fan_dead",
    "minecraft:coral_fan_hang": "minecraft:coral_fan_hang",
    "minecraft:coral_fan_hang2": "minecraft:coral_fan_hang2",
    "minecraft:coral_fan_hang3": "minecraft:coral_fan_hang3",
    "minecraft:cracked_deepslate_bricks": "minecraft:cracked_deepslate_bricks",
    "minecraft:cracked_deepslate_tiles": "minecraft:cracked_deepslate_tiles",
    "minecraft:cracked_nether_bricks": "minecraft:cracked_nether_bricks",
    "minecraft:cracked_polished_blackstone_bricks": "minecraft:cracked_polished_blackstone_bricks",
    "minecraft:crafter": "minecraft:crafter",
    "minecraft:crafting_table": "minecraft:crafting_table",
    "minecraft:crimson_button": "minecraft:crimson_button",
    "minecraft:crimson_door": "minecraft:item.crimson_door",
    "minecraft:crimson_double_slab": "minecraft:crimson_double_slab",
    "minecraft:crimson_fence": "minecraft:crimson_fence",
    "minecraft:crimson_fence_gate": "minecraft:crimson_fence_gate",
    "minecraft:crimson_fungus": "minecraft:crimson_fungus",
    "minecraft:crimson_hyphae": "minecraft:crimson_hyphae",
    "minecraft:crimson_nylium": "minecraft:crimson_nylium",
    "minecraft:crimson_planks": "minecraft:crimson_planks",
    "minecraft:crimson_pressure_plate": "minecraft:crimson_pressure_plate",
    "minecraft:crimson_roots": "minecraft:crimson_roots",
    "minecraft:crimson_slab": "minecraft:crimson_slab",
    "minecraft:crimson_stairs": "minecraft:crimson_stairs",
    "minecraft:crimson_standing_sign": "minecraft:crimson_standing_sign",
    "minecraft:crimson_stem": "minecraft:crimson_stem",
    "minecraft:crimson_trapdoor": "minecraft:crimson_trapdoor",
    "minecraft:crimson_wall_sign": "minecraft:crimson_wall_sign",
    "minecraft:crying_obsidian": "minecraft:crying_obsidian",
    "minecraft:cut_copper": "minecraft:cut_copper",
    "minecraft:cut_copper_slab": "minecraft:cut_copper_slab",
    "minecraft:cut_copper_stairs": "minecraft:cut_copper_stairs",
    "minecraft:cyan_candle": "minecraft:cyan_candle",
    "minecraft:cyan_candle_cake": "minecraft:cyan_candle_cake",
    "minecraft:cyan_carpet": "minecraft:cyan_carpet",
    "minecraft:cyan_concrete": "minecraft:cyan_concrete",
    "minecraft:cyan_concrete_powder": "minecraft:cyan_concrete_powder",
    "minecraft:cyan_glazed_terracotta": "minecraft:cyan_glazed_terracotta",
    "minecraft:cyan_shulker_box": "minecraft:cyan_shulker_box",
    "minecraft:cyan_stained_glass": "minecraft:cyan_stained_glass",
    "minecraft:cyan_stained_glass_pane": "minecraft:cyan_stained_glass_pane",
    "minecraft:cyan_terracotta": "minecraft:cyan_terracotta",
    "minecraft:cyan_wool": "minecraft:cyan_wool",
    "minecraft:dark_oak_button": "minecraft:dark_oak_button",
    "minecraft:dark_oak_door": "minecraft:item.dark_oak_door",
    "minecraft:dark_oak_fence": "minecraft:dark_oak_fence",
    "minecraft:dark_oak_fence_gate": "minecraft:dark_oak_fence_gate",
    "minecraft:dark_oak_log": "minecraft:dark_oak_log",
    "minecraft:dark_oak_planks": "minecraft:dark_oak_planks",
    "minecraft:dark_oak_pressure_plate": "minecraft:dark_oak_pressure_plate",
    "minecraft:dark_oak_stairs": "minecraft:dark_oak_stairs",
    "minecraft:dark_oak_trapdoor": "minecraft:dark_oak_trapdoor",
    "minecraft:dark_prismarine_stairs": "minecraft:dark_prismarine_stairs",
    "minecraft:darkoak_standing_sign": "minecraft:darkoak_standing_sign",
    "minecraft:darkoak_wall_sign": "minecraft:darkoak_wall_sign",
    "minecraft:daylight_detector": "minecraft:daylight_detector",
    "minecraft:daylight_detector_inverted": "minecraft:daylight_detector_inverted",
    "minecraft:dead_brain_coral": "minecraft:dead_brain_coral",
    "minecraft:dead_bubble_coral": "minecraft:dead_bubble_coral",
    "minecraft:dead_fire_coral": "minecraft:dead_fire_coral",
    "minecraft:dead_horn_coral": "minecraft:dead_horn_coral",
    "minecraft:dead_tube_coral": "minecraft:dead_tube_coral",
    "minecraft:deadbush": "minecraft:deadbush",
    "minecraft:decorated_pot": "minecraft:decorated_pot",
    "minecraft:deepslate": "minecraft:deepslate",
    "minecraft:deepslate_brick_double_slab": "minecraft:deepslate_brick_double_slab",
    "minecraft:deepslate_brick_slab": "minecraft:deepslate_brick_slab",
    "minecraft:deepslate_brick_stairs": "minecraft:deepslate_brick_stairs",
    "minecraft:deepslate_brick_wall": "minecraft:deepslate_brick_wall",
    "minecraft:deepslate_bricks": "minecraft:deepslate_bricks",
    "minecraft:deepslate_coal_ore": "minecraft:deepslate_coal_ore",
    "minecraft:deepslate_copper_ore": "minecraft:deepslate_copper_ore",
    "minecraft:deepslate_diamond_ore": "minecraft:deepslate_diamond_ore",
    "minecraft:deepslate_emerald_ore": "minecraft:deepslate_emerald_ore",
    "minecraft:deepslate_gold_ore": "minecraft:deepslate_gold_ore",
    "minecraft:deepslate_iron_ore": "minecraft:deepslate_iron_ore",
    "minecraft:deepslate_lapis_ore": "minecraft:deepslate_lapis_ore",
    "minecraft:deepslate_redstone_ore": "minecraft:deepslate_redstone_ore",
    "minecraft:deepslate_tile_double_slab": "minecraft:deepslate_tile_double_slab",
    "minecraft:deepslate_tile_slab": "minecraft:deepslate_tile_slab",
    "minecraft:deepslate_tile_stairs": "minecraft:deepslate_tile_stairs",
    "minecraft:deepslate_tile_wall": "minecraft:deepslate_tile_wall",
    "minecraft:deepslate_tiles": "minecraft:deepslate_tiles",
    "minecraft:deny": "minecraft:deny",
    "minecraft:detector_rail": "minecraft:detector_rail",
    "minecraft:diamond_block": "minecraft:diamond_block",
    "minecraft:diamond_ore": "minecraft:diamond_ore",
    "minecraft:diorite": "minecraft:diorite",
    "minecraft:diorite_stairs": "minecraft:diorite_stairs",
    "minecraft:dirt": "minecraft:dirt",
    "minecraft:dirt_with_roots": "minecraft:dirt_with_roots",
    "minecraft:dispenser": "minecraft:dispenser",
    "minecraft:double_cut_copper_slab": "minecraft:double_cut_copper_slab",
    "minecraft:double_plant": "minecraft:double_plant",
    "minecraft:double_stone_block_slab": "minecraft:double_stone_block_slab",
    "minecraft:double_stone_block_slab2": "minecraft:double_stone_block_slab2",
    "minecraft:double_stone_block_slab3": "minecraft:double_stone_block_slab3",
    "minecraft:double_stone_block_slab4": "minecraft:double_stone_block_slab4",
    "minecraft:double_wooden_slab": "minecraft:double_wooden_slab",
    "minecraft:dragon_egg": "minecraft:dragon_egg",
    "minecraft:dried_kelp_block": "minecraft:dried_kelp_block",
    "minecraft:dripstone_block": "minecraft:dripstone_block",
    "minecraft:dropper": "minecraft:dropper",
    "minecraft:element_0": "minecraft:element_0",
    "minecraft:element_1": "minecraft:element_1",
    "minecraft:element_10": "minecraft:element_10",
    "minecraft:element_100": "minecraft:element_100",
    "minecraft:element_101": "minecraft:element_101",
    "minecraft:element_102": "minecraft:element_102",
    "minecraft:element_103": "minecraft:element_103",
    "minecraft:element_104": "minecraft:element_104",
    "minecraft:element_105": "minecraft:element_105",
    "minecraft:element_106": "minecraft:element_106",
    "minecraft:element_107": "minecraft:element_107",
    "minecraft:element_108": "minecraft:element_108",
    "minecraft:element_109": "minecraft:element_109",
    "minecraft:element_11": "minecraft:element_11",
    "minecraft:element_110": "minecraft:element_110",
    "minecraft:element_111": "minecraft:element_111",
    "minecraft:element_112": "minecraft:element_112",
    "minecraft:element_113": "minecraft:element_113",
    "minecraft:element_114": "minecraft:element_114",
    "minecraft:element_115": "minecraft:element_115",
    "minecraft:element_116": "minecraft:element_116",
    "minecraft:element_117": "minecraft:element_117",
    "minecraft:element_118": "minecraft:element_118",
    "minecraft:element_12": "minecraft:element_12",
    "minecraft:element_13": "minecraft:element_13",
    "minecraft:element_14": "minecraft:element_14",
    "minecraft:element_15": "minecraft:element_15",
    "minecraft:element_16": "minecraft:element_16",
    "minecraft:element_17": "minecraft:element_17",
    "minecraft:element_18": "minecraft:element_18",
    "minecraft:element_19": "minecraft:element_19",
    "minecraft:element_2": "minecraft:element_2",
    "minecraft:element_20": "minecraft:element_20",
    "minecraft:element_21": "minecraft:element_21",
    "minecraft:element_22": "minecraft:element_22",
    "minecraft:element_23": "minecraft:element_23",
    "minecraft:element_24": "minecraft:element_24",
    "minecraft:element_25": "minecraft:element_25",
    "minecraft:element_26": "minecraft:element_26",
    "minecraft:element_27": "minecraft:element_27",
    "minecraft:element_28": "minecraft:element_28",
    "minecraft:element_29": "minecraft:element_29",
    "minecraft:element_3": "minecraft:element_3",
    "minecraft:element_30": "minecraft:element_30",
    "minecraft:element_31": "minecraft:element_31",
    "minecraft:element_32": "minecraft:element_32",
    "minecraft:element_33": "minecraft:element_33",
    "minecraft:element_34": "minecraft:element_34",
    "minecraft:element_35": "minecraft:element_35",
    "minecraft:element_36": "minecraft:element_36",
    "minecraft:element_37": "minecraft:element_37",
    "minecraft:element_38": "minecraft:element_38",
    "minecraft:element_39": "minecraft:element_39",
    "minecraft:element_4": "minecraft:element_4",
    "minecraft:element_40": "minecraft:element_40",
    "minecraft:element_41": "minecraft:element_41",
    "minecraft:element_42": "minecraft:element_42",
    "minecraft:element_43": "minecraft:element_43",
    "minecraft:element_44": "minecraft:element_44",
    "minecraft:element_45": "minecraft:element_45",
    "minecraft:element_46": "minecraft:element_46",
    "minecraft:element_47": "minecraft:element_47",
    "minecraft:element_48": "minecraft:element_48",
    "minecraft:element_49": "minecraft:element_49",
    "minecraft:element_5": "minecraft:element_5",
    "minecraft:element_50": "minecraft:element_50",
    "minecraft:element_51": "minecraft:element_51",
    "minecraft:element_52": "minecraft:element_52",
    "minecraft:element_53": "minecraft:element_53",
    "minecraft:element_54": "minecraft:element_54",
    "minecraft:element_55": "minecraft:element_55",
    "minecraft:element_56": "minecraft:element_56",
    "minecraft:element_57": "minecraft:element_57",
    "minecraft:element_58": "minecraft:element_58",
    "minecraft:element_59": "minecraft:element_59",
    "minecraft:element_6": "minecraft:element_6",
    "minecraft:element_60": "minecraft:element_60",
    "minecraft:element_61": "minecraft:element_61",
    "minecraft:element_62": "minecraft:element_62",
    "minecraft:element_63": "minecraft:element_63",
    "minecraft:element_64": "minecraft:element_64",
    "minecraft:element_65": "minecraft:element_65",
    "minecraft:element_66": "minecraft:element_66",
    "minecraft:element_67": "minecraft:element_67",
    "minecraft:element_68": "minecraft:element_68",
    "minecraft:element_69": "minecraft:element_69",
    "minecraft:element_7": "minecraft:element_7",
    "minecraft:element_70": "minecraft:element_70",
    "minecraft:element_71": "minecraft:element_71",
    "minecraft:element_72": "minecraft:element_72",
    "minecraft:element_73": "minecraft:element_73",
    "minecraft:element_74": "minecraft:element_74",
    "minecraft:element_75": "minecraft:element_75",
    "minecraft:element_76": "minecraft:element_76",
    "minecraft:element_77": "minecraft:element_77",
    "minecraft:element_78": "minecraft:element_78",
    "minecraft:element_79": "minecraft:element_79",
    "minecraft:element_8": "minecraft:element_8",
    "minecraft:element_80": "minecraft:element_80",
    "minecraft:element_81": "minecraft:element_81",
    "minecraft:element_82": "minecraft:element_82",
    "minecraft:element_83": "minecraft:element_83",
    "minecraft:element_84": "minecraft:element_84",
    "minecraft:element_85": "minecraft:element_85",
    "minecraft:element_86": "minecraft:element_86",
    "minecraft:element_87": "minecraft:element_87",
    "minecraft:element_88": "minecraft:element_88",
    "minecraft:element_89": "minecraft:element_89",
    "minecraft:element_9": "minecraft:element_9",
    "minecraft:element_90": "minecraft:element_90",
    "minecraft:element_91": "minecraft:element_91",
    "minecraft:element_92": "minecraft:element_92",
    "minecraft:element_93": "minecraft:element_93",
    "minecraft:element_94": "minecraft:element_94",
    "minecraft:element_95": "minecraft:element_95",
    "minecraft:element_96": "minecraft:element_96",
    "minecraft:element_97": "minecraft:element_97",
    "minecraft:element_98": "minecraft:element_98",
    "minecraft:element_99": "minecraft:element_99",
    "minecraft:emerald_block": "minecraft:emerald_block",
    "minecraft:emerald_ore": "minecraft:emerald_ore",
    "minecraft:enchanting_table": "minecraft:enchanting_table",
    "minecraft:end_brick_stairs": "minecraft:end_brick_stairs",
    "minecraft:end_bricks": "minecraft:end_bricks",
    "minecraft:end_gateway": "minecraft:end_gateway",
    "minecraft:end_portal": "minecraft:end_portal",
    "minecraft:end_portal_frame": "minecraft:end_portal_frame",
    "minecraft:end_rod": "minecraft:end_rod",
    "minecraft:end_stone": "minecraft:end_stone",
    "minecraft:ender_chest": "minecraft:ender_chest",
    "minecraft:exposed_chiseled_copper": "minecraft:exposed_chiseled_copper",
    "minecraft:exposed_copper": "minecraft:exposed_copper",
    "minecraft:exposed_copper_bulb": "minecraft:exposed_copper_bulb",
    "minecraft:exposed_copper_grate": "minecraft:exposed_copper_grate",
    "minecraft:exposed_copper_trapdoor": "minecraft:exposed_copper_trapdoor",
    "minecraft:exposed_cut_copper": "minecraft:exposed_cut_copper",
    "minecraft:exposed_cut_copper_slab": "minecraft:exposed_cut_copper_slab",
    "minecraft:exposed_cut_copper_stairs": "minecraft:exposed_cut_copper_stairs",
    "minecraft:exposed_double_cut_copper_slab": "minecraft:exposed_double_cut_copper_slab",
    "minecraft:farmland": "minecraft:farmland",
    "minecraft:fence_gate": "minecraft:fence_gate",
    "minecraft:fire": "minecraft:fire",
    "minecraft:fire_coral": "minecraft:fire_coral",
    "minecraft:fletching_table": "minecraft:fletching_table",
    "minecraft:flower_pot": "minecraft:item.flower_pot",
    "minecraft:flowering_azalea": "minecraft:flowering_azalea",
    "minecraft:flowing_lava": "minecraft:flowing_lava",
    "minecraft:flowing_water": "minecraft:flowing_water",
    "minecraft:frame": "minecraft:item.frame",
    "minecraft:frog_spawn": "minecraft:frog_spawn",
    "minecraft:frosted_ice": "minecraft:frosted_ice",
    "minecraft:furnace": "minecraft:furnace",
    "minecraft:gilded_blackstone": "minecraft:gilded_blackstone",
    "minecraft:glass": "minecraft:glass",
    "minecraft:glass_pane": "minecraft:glass_pane",
    "minecraft:glow_frame": "minecraft:item.glow_frame",
    "minecraft:glow_lichen": "minecraft:glow_lichen",
    "minecraft:glowingobsidian": "minecraft:glowingobsidian",
    "minecraft:glowstone": "minecraft:glowstone",
    "minecraft:gold_block": "minecraft:gold_block",
    "minecraft:gold_ore": "minecraft:gold_ore",
    "minecraft:golden_rail": "minecraft:golden_rail",
    "minecraft:granite": "minecraft:granite",
    "minecraft:granite_stairs": "minecraft:granite_stairs",
    "minecraft:grass": "minecraft:grass",
    "minecraft:grass_path": "minecraft:grass_path",
    "minecraft:gravel": "minecraft:gravel",
    "minecraft:gray_candle": "minecraft:gray_candle",
    "minecraft:gray_candle_cake": "minecraft:gray_candle_cake",
    "minecraft:gray_carpet": "minecraft:gray_carpet",
    "minecraft:gray_concrete": "minecraft:gray_concrete",
    "minecraft:gray_concrete_powder": "minecraft:gray_concrete_powder",
    "minecraft:gray_glazed_terracotta": "minecraft:gray_glazed_terracotta",
    "minecraft:gray_shulker_box": "minecraft:gray_shulker_box",
    "minecraft:gray_stained_glass": "minecraft:gray_stained_glass",
    "minecraft:gray_stained_glass_pane": "minecraft:gray_stained_glass_pane",
    "minecraft:gray_terracotta": "minecraft:gray_terracotta",
    "minecraft:gray_wool": "minecraft:gray_wool",
    "minecraft:green_candle": "minecraft:green_candle",
    "minecraft:green_candle_cake": "minecraft:green_candle_cake",
    "minecraft:green_carpet": "minecraft:green_carpet",
    "minecraft:green_concrete": "minecraft:green_concrete",
    "minecraft:green_concrete_powder": "minecraft:green_concrete_powder",
    "minecraft:green_glazed_terracotta": "minecraft:green_glazed_terracotta",
    "minecraft:green_shulker_box": "minecraft:green_shulker_box",
    "minecraft:green_stained_glass": "minecraft:green_stained_glass",
    "minecraft:green_stained_glass_pane": "minecraft:green_stained_glass_pane",
    "minecraft:green_terracotta": "minecraft:green_terracotta",
    "minecraft:green_wool": "minecraft:green_wool",
    "minecraft:grindstone": "minecraft:grindstone",
    "minecraft:hanging_roots": "minecraft:hanging_roots",
    "minecraft:hard_glass": "minecraft:hard_glass",
    "minecraft:hard_glass_pane": "minecraft:hard_glass_pane",
    "minecraft:hard_stained_glass": "minecraft:hard_stained_glass",
    "minecraft:hard_stained_glass_pane": "minecraft:hard_stained_glass_pane",
    "minecraft:hardened_clay": "minecraft:hardened_clay",
    "minecraft:hay_block": "minecraft:hay_block",
    "minecraft:heavy_weighted_pressure_plate": "minecraft:heavy_weighted_pressure_plate",
    "minecraft:honey_block": "minecraft:honey_block",
    "minecraft:honeycomb_block": "minecraft:honeycomb_block",
    "minecraft:hopper": "minecraft:item.hopper",
    "minecraft:horn_coral": "minecraft:horn_coral",
    "minecraft:ice": "minecraft:ice",
    "minecraft:infested_deepslate": "minecraft:infested_deepslate",
    "minecraft:info_update": "minecraft:info_update",
    "minecraft:info_update2": "minecraft:info_update2",
    "minecraft:invisible_bedrock": "minecraft:invisible_bedrock",
    "minecraft:iron_bars": "minecraft:iron_bars",
    "minecraft:iron_block": "minecraft:iron_block",
    "minecraft:iron_door": "minecraft:item.iron_door",
    "minecraft:iron_ore": "minecraft:iron_ore",
    "minecraft:iron_trapdoor": "minecraft:iron_trapdoor",
    "minecraft:jigsaw": "minecraft:jigsaw",
    "minecraft:jukebox": "minecraft:jukebox",
    "minecraft:jungle_button": "minecraft:jungle_button",
    "minecraft:jungle_door": "minecraft:item.jungle_door",
    "minecraft:jungle_fence": "minecraft:jungle_fence",
    "minecraft:jungle_fence_gate": "minecraft:jungle_fence_gate",
    "minecraft:jungle_log": "minecraft:jungle_log",
    "minecraft:jungle_planks": "minecraft:jungle_planks",
    "minecraft:jungle_pressure_plate": "minecraft:jungle_pressure_plate",
    "minecraft:jungle_stairs": "minecraft:jungle_stairs",
    "minecraft:jungle_standing_sign": "minecraft:jungle_standing_sign",
    "minecraft:jungle_trapdoor": "minecraft:jungle_trapdoor",
    "minecraft:jungle_wall_sign": "minecraft:jungle_wall_sign",
    "minecraft:kelp": "minecraft:item.kelp",
    "minecraft:ladder": "minecraft:ladder",
    "minecraft:lantern": "minecraft:lantern",
    "minecraft:lapis_block": "minecraft:lapis_block",
    "minecraft:lapis_ore": "minecraft:lapis_ore",
    "minecraft:large_amethyst_bud": "minecraft:large_amethyst_bud",
    "minecraft:lava": "minecraft:lava",
    "minecraft:leaves": "minecraft:leaves",
    "minecraft:leaves2": "minecraft:leaves2",
    "minecraft:lectern": "minecraft:lectern",
    "minecraft:lever": "minecraft:lever",
    "minecraft:light_block": "minecraft:light_block",
    "minecraft:light_blue_candle": "minecraft:light_blue_candle",
    "minecraft:light_blue_candle_cake": "minecraft:light_blue_candle_cake",
    "minecraft:light_blue_carpet": "minecraft:light_blue_carpet",
    "minecraft:light_blue_concrete": "minecraft:light_blue_concrete",
    "minecraft:light_blue_concrete_powder": "minecraft:light_blue_concrete_powder",
    "minecraft:light_blue_glazed_terracotta": "minecraft:light_blue_glazed_terracotta",
    "minecraft:light_blue_shulker_box": "minecraft:light_blue_shulker_box",
    "minecraft:light_blue_stained_glass": "minecraft:light_blue_stained_glass",
    "minecraft:light_blue_stained_glass_pane": "minecraft:light_blue_stained_glass_pane",
    "minecraft:light_blue_terracotta": "minecraft:light_blue_terracotta",
    "minecraft:light_blue_wool": "minecraft:light_blue_wool",
    "minecraft:light_gray_candle": "minecraft:light_gray_candle",
    "minecraft:light_gray_candle_cake": "minecraft:light_gray_candle_cake",
    "minecraft:light_gray_carpet": "minecraft:light_gray_carpet",
    "minecraft:light_gray_concrete": "minecraft:light_gray_concrete",
    "minecraft:light_gray_concrete_powder": "minecraft:light_gray_concrete_powder",
    "minecraft:light_gray_shulker_box": "minecraft:light_gray_shulker_box",
    "minecraft:light_gray_stained_glass": "minecraft:light_gray_stained_glass",
    "minecraft:light_gray_stained_glass_pane": "minecraft:light_gray_stained_glass_pane",
    "minecraft:light_gray_terracotta": "minecraft:light_gray_terracotta",
    "minecraft:light_gray_wool": "minecraft:light_gray_wool",
    "minecraft:light_weighted_pressure_plate": "minecraft:light_weighted_pressure_plate",
    "minecraft:lightning_rod": "minecraft:lightning_rod",
    "minecraft:lime_candle": "minecraft:lime_candle",
    "minecraft:lime_candle_cake": "minecraft:lime_candle_cake",
    "minecraft:lime_carpet": "minecraft:lime_carpet",
    "minecraft:lime_concrete": "minecraft:lime_concrete",
    "minecraft:lime_concrete_powder": "minecraft:lime_concrete_powder",
    "minecraft:lime_glazed_terracotta": "minecraft:lime_glazed_terracotta",
    "minecraft:lime_shulker_box": "minecraft:lime_shulker_box",
    "minecraft:lime_stained_glass": "minecraft:lime_stained_glass",
    "minecraft:lime_stained_glass_pane": "minecraft:lime_stained_glass_pane",
    "minecraft:lime_terracotta": "minecraft:lime_terracotta",
    "minecraft:lime_wool": "minecraft:lime_wool",
    "minecraft:lit_blast_furnace": "minecraft:lit_blast_furnace",
    "minecraft:lit_deepslate_redstone_ore": "minecraft:lit_deepslate_redstone_ore",
    "minecraft:lit_furnace": "minecraft:lit_furnace",
    "minecraft:lit_pumpkin": "minecraft:lit_pumpkin",
    "minecraft:lit_redstone_lamp": "minecraft:lit_redstone_lamp",
    "minecraft:lit_redstone_ore": "minecraft:lit_redstone_ore",
    "minecraft:lit_smoker": "minecraft:lit_smoker",
    "minecraft:lodestone": "minecraft:lodestone",
    "minecraft:loom": "minecraft:loom",
    "minecraft:magenta_candle": "minecraft:magenta_candle",
    "minecraft:magenta_candle_cake": "minecraft:magenta_candle_cake",
    "minecraft:magenta_carpet": "minecraft:magenta_carpet",
    "minecraft:magenta_concrete": "minecraft:magenta_concrete",
    "minecraft:magenta_concrete_powder": "minecraft:magenta_concrete_powder",
    "minecraft:magenta_glazed_terracotta": "minecraft:magenta_glazed_terracotta",
    "minecraft:magenta_shulker_box": "minecraft:magenta_shulker_box",
    "minecraft:magenta_stained_glass": "minecraft:magenta_stained_glass",
    "minecraft:magenta_stained_glass_pane": "minecraft:magenta_stained_glass_pane",
    "minecraft:magenta_terracotta": "minecraft:magenta_terracotta",
    "minecraft:magenta_wool": "minecraft:magenta_wool",
    "minecraft:magma": "minecraft:magma",
    "minecraft:mangrove_button": "minecraft:mangrove_button",
    "minecraft:mangrove_door": "minecraft:item.mangrove_door",
    "minecraft:mangrove_double_slab": "minecraft:mangrove_double_slab",
    "minecraft:mangrove_fence": "minecraft:mangrove_fence",
    "minecraft:mangrove_fence_gate": "minecraft:mangrove_fence_gate",
    "minecraft:mangrove_leaves": "minecraft:mangrove_leaves",
    "minecraft:mangrove_log": "minecraft:mangrove_log",
    "minecraft:mangrove_planks": "minecraft:mangrove_planks",
    "minecraft:mangrove_pressure_plate": "minecraft:mangrove_pressure_plate",
    "minecraft:mangrove_propagule": "minecraft:mangrove_propagule",
    "minecraft:mangrove_roots": "minecraft:mangrove_roots",
    "minecraft:mangrove_slab": "minecraft:mangrove_slab",
    "minecraft:mangrove_stairs": "minecraft:mangrove_stairs",
    "minecraft:mangrove_standing_sign": "minecraft:mangrove_standing_sign",
    "minecraft:mangrove_trapdoor": "minecraft:mangrove_trapdoor",
    "minecraft:mangrove_wall_sign": "minecraft:mangrove_wall_sign",
    "minecraft:mangrove_wood": "minecraft:mangrove_wood",
    "minecraft:medium_amethyst_bud": "minecraft:medium_amethyst_bud",
    "minecraft:melon_block": "minecraft:melon_block",
    "minecraft:melon_stem": "minecraft:melon_stem",
    "minecraft:mob_spawner": "minecraft:mob_spawner",
    "minecraft:monster_egg": "minecraft:monster_egg",
    "minecraft:moss_block": "minecraft:moss_block",
    "minecraft:moss_carpet": "minecraft:moss_carpet",
    "minecraft:mossy_cobblestone": "minecraft:mossy_cobblestone",
    "minecraft:mossy_cobblestone_stairs": "minecraft:mossy_cobblestone_stairs",
    "minecraft:mossy_stone_brick_stairs": "minecraft:mossy_stone_brick_stairs",
    "minecraft:moving_block": "minecraft:moving_block",
    "minecraft:mud": "minecraft:mud",
    "minecraft:mud_brick_double_slab": "minecraft:mud_brick_double_slab",
    "minecraft:mud_brick_slab": "minecraft:mud_brick_slab",
    "minecraft:mud_brick_stairs": "minecraft:mud_brick_stairs",
    "minecraft:mud_brick_wall": "minecraft:mud_brick_wall",
    "minecraft:mud_bricks": "minecraft:mud_bricks",
    "minecraft:muddy_mangrove_roots": "minecraft:muddy_mangrove_roots",
    "minecraft:mycelium": "minecraft:mycelium",
    "minecraft:nether_brick": "minecraft:nether_brick",
    "minecraft:nether_brick_fence": "minecraft:nether_brick_fence",
    "minecraft:nether_brick_stairs": "minecraft:nether_brick_stairs",
    "minecraft:nether_gold_ore": "minecraft:nether_gold_ore",
    "minecraft:nether_sprouts": "minecraft:item.nether_sprouts",
    "minecraft:nether_wart": "minecraft:item.nether_wart",
    "minecraft:nether_wart_block": "minecraft:nether_wart_block",
    "minecraft:netherite_block": "minecraft:netherite_block",
    "minecraft:netherrack": "minecraft:netherrack",
    "minecraft:netherreactor": "minecraft:netherreactor",
    "minecraft:normal_stone_stairs": "minecraft:normal_stone_stairs",
    "minecraft:noteblock": "minecraft:noteblock",
    "minecraft:oak_fence": "minecraft:oak_fence",
    "minecraft:oak_log": "minecraft:oak_log",
    "minecraft:oak_planks": "minecraft:oak_planks",
    "minecraft:oak_stairs": "minecraft:oak_stairs",
    "minecraft:observer": "minecraft:observer",
    "minecraft:obsidian": "minecraft:obsidian",
    "minecraft:ochre_froglight": "minecraft:ochre_froglight",
    "minecraft:orange_candle": "minecraft:orange_candle",
    "minecraft:orange_candle_cake": "minecraft:orange_candle_cake",
    "minecraft:orange_carpet": "minecraft:orange_carpet",
    "minecraft:orange_concrete": "minecraft:orange_concrete",
    "minecraft:orange_concrete_powder": "minecraft:orange_concrete_powder",
    "minecraft:orange_glazed_terracotta": "minecraft:orange_glazed_terracotta",
    "minecraft:orange_shulker_box": "minecraft:orange_shulker_box",
    "minecraft:orange_stained_glass": "minecraft:orange_stained_glass",
    "minecraft:orange_stained_glass_pane": "minecraft:orange_stained_glass_pane",
    "minecraft:orange_terracotta": "minecraft:orange_terracotta",
    "minecraft:orange_wool": "minecraft:orange_wool",
    "minecraft:oxidized_chiseled_copper": "minecraft:oxidized_chiseled_copper",
    "minecraft:oxidized_copper": "minecraft:oxidized_copper",
    "minecraft:oxidized_copper_bulb": "minecraft:oxidized_copper_bulb",
    "minecraft:oxidized_copper_grate": "minecraft:oxidized_copper_grate",
    "minecraft:oxidized_copper_trapdoor": "minecraft:oxidized_copper_trapdoor",
    "minecraft:oxidized_cut_copper": "minecraft:oxidized_cut_copper",
    "minecraft:oxidized_cut_copper_slab": "minecraft:oxidized_cut_copper_slab",
    "minecraft:oxidized_cut_copper_stairs": "minecraft:oxidized_cut_copper_stairs",
    "minecraft:oxidized_double_cut_copper_slab": "minecraft:oxidized_double_cut_copper_slab",
    "minecraft:packed_ice": "minecraft:packed_ice",
    "minecraft:packed_mud": "minecraft:packed_mud",
    "minecraft:pearlescent_froglight": "minecraft:pearlescent_froglight",
    "minecraft:pink_candle": "minecraft:pink_candle",
    "minecraft:pink_candle_cake": "minecraft:pink_candle_cake",
    "minecraft:pink_carpet": "minecraft:pink_carpet",
    "minecraft:pink_concrete": "minecraft:pink_concrete",
    "minecraft:pink_concrete_powder": "minecraft:pink_concrete_powder",
    "minecraft:pink_glazed_terracotta": "minecraft:pink_glazed_terracotta",
    "minecraft:pink_petals": "minecraft:pink_petals",
    "minecraft:pink_shulker_box": "minecraft:pink_shulker_box",
    "minecraft:pink_stained_glass": "minecraft:pink_stained_glass",
    "minecraft:pink_stained_glass_pane": "minecraft:pink_stained_glass_pane",
    "minecraft:pink_terracotta": "minecraft:pink_terracotta",
    "minecraft:pink_wool": "minecraft:pink_wool",
    "minecraft:piston": "minecraft:piston",
    "minecraft:piston_arm_collision": "minecraft:piston_arm_collision",
    "minecraft:pitcher_crop": "minecraft:pitcher_crop",
    "minecraft:pitcher_plant": "minecraft:pitcher_plant",
    "minecraft:podzol": "minecraft:podzol",
    "minecraft:pointed_dripstone": "minecraft:pointed_dripstone",
    "minecraft:polished_andesite": "minecraft:polished_andesite",
    "minecraft:polished_andesite_stairs": "minecraft:polished_andesite_stairs",
    "minecraft:polished_basalt": "minecraft:polished_basalt",
    "minecraft:polished_blackstone": "minecraft:polished_blackstone",
    "minecraft:polished_blackstone_brick_double_slab": "minecraft:polished_blackstone_brick_double_slab",
    "minecraft:polished_blackstone_brick_slab": "minecraft:polished_blackstone_brick_slab",
    "minecraft:polished_blackstone_brick_stairs": "minecraft:polished_blackstone_brick_stairs",
    "minecraft:polished_blackstone_brick_wall": "minecraft:polished_blackstone_brick_wall",
    "minecraft:polished_blackstone_bricks": "minecraft:polished_blackstone_bricks",
    "minecraft:polished_blackstone_button": "minecraft:polished_blackstone_button",
    "minecraft:polished_blackstone_double_slab": "minecraft:polished_blackstone_double_slab",
    "minecraft:polished_blackstone_pressure_plate": "minecraft:polished_blackstone_pressure_plate",
    "minecraft:polished_blackstone_slab": "minecraft:polished_blackstone_slab",
    "minecraft:polished_blackstone_stairs": "minecraft:polished_blackstone_stairs",
    "minecraft:polished_blackstone_wall": "minecraft:polished_blackstone_wall",
    "minecraft:polished_deepslate": "minecraft:polished_deepslate",
    "minecraft:polished_deepslate_double_slab": "minecraft:polished_deepslate_double_slab",
    "minecraft:polished_deepslate_slab": "minecraft:polished_deepslate_slab",
    "minecraft:polished_deepslate_stairs": "minecraft:polished_deepslate_stairs",
    "minecraft:polished_deepslate_wall": "minecraft:polished_deepslate_wall",
    "minecraft:polished_diorite": "minecraft:polished_diorite",
    "minecraft:polished_diorite_stairs": "minecraft:polished_diorite_stairs",
    "minecraft:polished_granite": "minecraft:polished_granite",
    "minecraft:polished_granite_stairs": "minecraft:polished_granite_stairs",
    "minecraft:polished_tuff": "minecraft:polished_tuff",
    "minecraft:polished_tuff_double_slab": "minecraft:polished_tuff_double_slab",
    "minecraft:polished_tuff_slab": "minecraft:polished_tuff_slab",
    "minecraft:polished_tuff_stairs": "minecraft:polished_tuff_stairs",
    "minecraft:polished_tuff_wall": "minecraft:polished_tuff_wall",
    "minecraft:portal": "minecraft:portal",
    "minecraft:potatoes": "minecraft:potatoes",
    "minecraft:powder_snow": "minecraft:powder_snow",
    "minecraft:powered_comparator": "minecraft:powered_comparator",
    "minecraft:powered_repeater": "minecraft:powered_repeater",
    "minecraft:prismarine": "minecraft:prismarine",
    "minecraft:prismarine_bricks_stairs": "minecraft:prismarine_bricks_stairs",
    "minecraft:prismarine_stairs": "minecraft:prismarine_stairs",
    "minecraft:pumpkin": "minecraft:pumpkin",
    "minecraft:pumpkin_stem": "minecraft:pumpkin_stem",
    "minecraft:purple_candle": "minecraft:purple_candle",
    "minecraft:purple_candle_cake": "minecraft:purple_candle_cake",
    "minecraft:purple_carpet": "minecraft:purple_carpet",
    "minecraft:purple_concrete": "minecraft:purple_concrete",
    "minecraft:purple_concrete_powder": "minecraft:purple_concrete_powder",
    "minecraft:purple_glazed_terracotta": "minecraft:purple_glazed_terracotta",
    "minecraft:purple_shulker_box": "minecraft:purple_shulker_box",
    "minecraft:purple_stained_glass": "minecraft:purple_stained_glass",
    "minecraft:purple_stained_glass_pane": "minecraft:purple_stained_glass_pane",
    "minecraft:purple_terracotta": "minecraft:purple_terracotta",
    "minecraft:purple_wool": "minecraft:purple_wool",
    "minecraft:purpur_block": "minecraft:purpur_block",
    "minecraft:purpur_stairs": "minecraft:purpur_stairs",
    "minecraft:quartz_block": "minecraft:quartz_block",
    "minecraft:quartz_bricks": "minecraft:quartz_bricks",
    "minecraft:quartz_ore": "minecraft:quartz_ore",
    "minecraft:quartz_stairs": "minecraft:quartz_stairs",
    "minecraft:rail": "minecraft:rail",
    "minecraft:raw_copper_block": "minecraft:raw_copper_block",
    "minecraft:raw_gold_block": "minecraft:raw_gold_block",
    "minecraft:raw_iron_block": "minecraft:raw_iron_block",
    "minecraft:red_candle": "minecraft:red_candle",
    "minecraft:red_candle_cake": "minecraft:red_candle_cake",
    "minecraft:red_carpet": "minecraft:red_carpet",
    "minecraft:red_concrete": "minecraft:red_concrete",
    "minecraft:red_concrete_powder": "minecraft:red_concrete_powder",
    "minecraft:red_flower": "minecraft:red_flower",
    "minecraft:red_glazed_terracotta": "minecraft:red_glazed_terracotta",
    "minecraft:red_mushroom": "minecraft:red_mushroom",
    "minecraft:red_mushroom_block": "minecraft:red_mushroom_block",
    "minecraft:red_nether_brick": "minecraft:red_nether_brick",
    "minecraft:red_nether_brick_stairs": "minecraft:red_nether_brick_stairs",
    "minecraft:red_sandstone": "minecraft:red_sandstone",
    "minecraft:red_sandstone_stairs": "minecraft:red_sandstone_stairs",
    "minecraft:red_shulker_box": "minecraft:red_shulker_box",
    "minecraft:red_stained_glass": "minecraft:red_stained_glass",
    "minecraft:red_stained_glass_pane": "minecraft:red_stained_glass_pane",
    "minecraft:red_terracotta": "minecraft:red_terracotta",
    "minecraft:red_wool": "minecraft:red_wool",
    "minecraft:redstone_block": "minecraft:redstone_block",
    "minecraft:redstone_lamp": "minecraft:redstone_lamp",
    "minecraft:redstone_ore": "minecraft:redstone_ore",
    "minecraft:redstone_torch": "minecraft:redstone_torch",
    "minecraft:redstone_wire": "minecraft:redstone_wire",
    "minecraft:reeds": "minecraft:item.reeds",
    "minecraft:reinforced_deepslate": "minecraft:reinforced_deepslate",
    "minecraft:repeating_command_block": "minecraft:repeating_command_block",
    "minecraft:reserved6": "minecraft:reserved6",
    "minecraft:respawn_anchor": "minecraft:respawn_anchor",
    "minecraft:sand": "minecraft:sand",
    "minecraft:sandstone": "minecraft:sandstone",
    "minecraft:sandstone_stairs": "minecraft:sandstone_stairs",
    "minecraft:sapling": "minecraft:sapling",
    "minecraft:scaffolding": "minecraft:scaffolding",
    "minecraft:sculk": "minecraft:sculk",
    "minecraft:sculk_catalyst": "minecraft:sculk_catalyst",
    "minecraft:sculk_sensor": "minecraft:sculk_sensor",
    "minecraft:sculk_shrieker": "minecraft:sculk_shrieker",
    "minecraft:sculk_vein": "minecraft:sculk_vein",
    "minecraft:sea_lantern": "minecraft:sea_lantern",
    "minecraft:sea_pickle": "minecraft:sea_pickle",
    "minecraft:seagrass": "minecraft:seagrass",
    "minecraft:shroomlight": "minecraft:shroomlight",
    "minecraft:silver_glazed_terracotta": "minecraft:silver_glazed_terracotta",
    "minecraft:skull": "minecraft:item.skull",
    "minecraft:slime": "minecraft:slime",
    "minecraft:small_amethyst_bud": "minecraft:small_amethyst_bud",
    "minecraft:small_dripleaf_block": "minecraft:small_dripleaf_block",
    "minecraft:smithing_table": "minecraft:smithing_table",
    "minecraft:smoker": "minecraft:smoker",
    "minecraft:smooth_basalt": "minecraft:smooth_basalt",
    "minecraft:smooth_quartz_stairs": "minecraft:smooth_quartz_stairs",
    "minecraft:smooth_red_sandstone_stairs": "minecraft:smooth_red_sandstone_stairs",
    "minecraft:smooth_sandstone_stairs": "minecraft:smooth_sandstone_stairs",
    "minecraft:smooth_stone": "minecraft:smooth_stone",
    "minecraft:sniffer_egg": "minecraft:sniffer_egg",
    "minecraft:snow": "minecraft:snow",
    "minecraft:snow_layer": "minecraft:snow_layer",
    "minecraft:soul_campfire": "minecraft:item.soul_campfire",
    "minecraft:soul_fire": "minecraft:soul_fire",
    "minecraft:soul_lantern": "minecraft:soul_lantern",
    "minecraft:soul_sand": "minecraft:soul_sand",
    "minecraft:soul_soil": "minecraft:soul_soil",
    "minecraft:soul_torch": "minecraft:soul_torch",
    "minecraft:sponge": "minecraft:sponge",
    "minecraft:spore_blossom": "minecraft:spore_blossom",
    "minecraft:spruce_button": "minecraft:spruce_button",
    "minecraft:spruce_door": "minecraft:item.spruce_door",
    "minecraft:spruce_fence": "minecraft:spruce_fence",
    "minecraft:spruce_fence_gate": "minecraft:spruce_fence_gate",
    "minecraft:spruce_log": "minecraft:spruce_log",
    "minecraft:spruce_planks": "minecraft:spruce_planks",
    "minecraft:spruce_pressure_plate": "minecraft:spruce_pressure_plate",
    "minecraft:spruce_stairs": "minecraft:spruce_stairs",
    "minecraft:spruce_standing_sign": "minecraft:spruce_standing_sign",
    "minecraft:spruce_trapdoor": "minecraft:spruce_trapdoor",
    "minecraft:spruce_wall_sign": "minecraft:spruce_wall_sign",
    "minecraft:standing_banner": "minecraft:standing_banner",
    "minecraft:standing_sign": "minecraft:standing_sign",
    "minecraft:sticky_piston": "minecraft:sticky_piston",
    "minecraft:sticky_piston_arm_collision": "minecraft:sticky_piston_arm_collision",
    "minecraft:stone": "minecraft:stone",
    "minecraft:stone_block_slab": "minecraft:stone_block_slab",
    "minecraft:stone_block_slab2": "minecraft:stone_block_slab2",
    "minecraft:stone_block_slab3": "minecraft:stone_block_slab3",
    "minecraft:stone_block_slab4": "minecraft:stone_block_slab4",
    "minecraft:stone_brick_stairs": "minecraft:stone_brick_stairs",
    "minecraft:stone_button": "minecraft:stone_button",
    "minecraft:stone_pressure_plate": "minecraft:stone_pressure_plate",
    "minecraft:stone_stairs": "minecraft:stone_stairs",
    "minecraft:stonebrick": "minecraft:stonebrick",
    "minecraft:stonecutter": "minecraft:stonecutter",
    "minecraft:stonecutter_block": "minecraft:stonecutter_block",
    "minecraft:stripped_acacia_log": "minecraft:stripped_acacia_log",
    "minecraft:stripped_bamboo_block": "minecraft:stripped_bamboo_block",
    "minecraft:stripped_birch_log": "minecraft:stripped_birch_log",
    "minecraft:stripped_cherry_log": "minecraft:stripped_cherry_log",
    "minecraft:stripped_cherry_wood": "minecraft:stripped_cherry_wood",
    "minecraft:stripped_crimson_hyphae": "minecraft:stripped_crimson_hyphae",
    "minecraft:stripped_crimson_stem": "minecraft:stripped_crimson_stem",
    "minecraft:stripped_dark_oak_log": "minecraft:stripped_dark_oak_log",
    "minecraft:stripped_jungle_log": "minecraft:stripped_jungle_log",
    "minecraft:stripped_mangrove_log": "minecraft:stripped_mangrove_log",
    "minecraft:stripped_mangrove_wood": "minecraft:stripped_mangrove_wood",
    "minecraft:stripped_oak_log": "minecraft:stripped_oak_log",
    "minecraft:stripped_spruce_log": "minecraft:stripped_spruce_log",
    "minecraft:stripped_warped_hyphae": "minecraft:stripped_warped_hyphae",
    "minecraft:stripped_warped_stem": "minecraft:stripped_warped_stem",
    "minecraft:structure_block": "minecraft:structure_block",
    "minecraft:structure_void": "minecraft:structure_void",
    "minecraft:suspicious_gravel": "minecraft:suspicious_gravel",
    "minecraft:suspicious_sand": "minecraft:suspicious_sand",
    "minecraft:sweet_berry_bush": "minecraft:sweet_berry_bush",
    "minecraft:tallgrass": "minecraft:tallgrass",
    "minecraft:target": "minecraft:target",
    "minecraft:tinted_glass": "minecraft:tinted_glass",
    "minecraft:tnt": "minecraft:tnt",
    "minecraft:torch": "minecraft:torch",
    "minecraft:torchflower": "minecraft:torchflower",
    "minecraft:torchflower_crop": "minecraft:torchflower_crop",
    "minecraft:trapdoor": "minecraft:trapdoor",
    "minecraft:trapped_chest": "minecraft:trapped_chest",
    "minecraft:trip_wire": "minecraft:trip_wire",
    "minecraft:tripwire_hook": "minecraft:tripwire_hook",
    "minecraft:tube_coral": "minecraft:tube_coral",
    "minecraft:tuff": "minecraft:tuff",
    "minecraft:tuff_brick_double_slab": "minecraft:tuff_brick_double_slab",
    "minecraft:tuff_brick_slab": "minecraft:tuff_brick_slab",
    "minecraft:tuff_brick_stairs": "minecraft:tuff_brick_stairs",
    "minecraft:tuff_brick_wall": "minecraft:tuff_brick_wall",
    "minecraft:tuff_bricks": "minecraft:tuff_bricks",
    "minecraft:tuff_double_slab": "minecraft:tuff_double_slab",
    "minecraft:tuff_slab": "minecraft:tuff_slab",
    "minecraft:tuff_stairs": "minecraft:tuff_stairs",
    "minecraft:tuff_wall": "minecraft:tuff_wall",
    "minecraft:turtle_egg": "minecraft:turtle_egg",
    "minecraft:twisting_vines": "minecraft:twisting_vines",
    "minecraft:underwater_torch": "minecraft:underwater_torch",
    "minecraft:undyed_shulker_box": "minecraft:undyed_shulker_box",
    "minecraft:unknown": "minecraft:unknown",
    "minecraft:unlit_redstone_torch": "minecraft:unlit_redstone_torch",
    "minecraft:unpowered_comparator": "minecraft:unpowered_comparator",
    "minecraft:unpowered_repeater": "minecraft:unpowered_repeater",
    "minecraft:verdant_froglight": "minecraft:verdant_froglight",
    "minecraft:vine": "minecraft:vine",
    "minecraft:wall_banner": "minecraft:wall_banner",
    "minecraft:wall_sign": "minecraft:wall_sign",
    "minecraft:warped_button": "minecraft:warped_button",
    "minecraft:warped_door": "minecraft:item.warped_door",
    "minecraft:warped_double_slab": "minecraft:warped_double_slab",
    "minecraft:warped_fence": "minecraft:warped_fence",
    "minecraft:warped_fence_gate": "minecraft:warped_fence_gate",
    "minecraft:warped_fungus": "minecraft:warped_fungus",
    "minecraft:warped_hyphae": "minecraft:warped_hyphae",
    "minecraft:warped_nylium": "minecraft:warped_nylium",
    "minecraft:warped_planks": "minecraft:warped_planks",
    "minecraft:warped_pressure_plate": "minecraft:warped_pressure_plate",
    "minecraft:warped_roots": "minecraft:warped_roots",
    "minecraft:warped_slab": "minecraft:warped_slab",
    "minecraft:warped_stairs": "minecraft:warped_stairs",
    "minecraft:warped_standing_sign": "minecraft:warped_standing_sign",
    "minecraft:warped_stem": "minecraft:warped_stem",
    "minecraft:warped_trapdoor": "minecraft:warped_trapdoor",
    "minecraft:warped_wall_sign": "minecraft:warped_wall_sign",
    "minecraft:warped_wart_block": "minecraft:warped_wart_block",
    "minecraft:water": "minecraft:water",
    "minecraft:waterlily": "minecraft:waterlily",
    "minecraft:waxed_chiseled_copper": "minecraft:waxed_chiseled_copper",
    "minecraft:waxed_copper": "minecraft:waxed_copper",
    "minecraft:waxed_copper_bulb": "minecraft:waxed_copper_bulb",
    "minecraft:waxed_copper_grate": "minecraft:waxed_copper_grate",
    "minecraft:waxed_copper_trapdoor": "minecraft:waxed_copper_trapdoor",
    "minecraft:waxed_cut_copper": "minecraft:waxed_cut_copper",
    "minecraft:waxed_cut_copper_slab": "minecraft:waxed_cut_copper_slab",
    "minecraft:waxed_cut_copper_stairs": "minecraft:waxed_cut_copper_stairs",
    "minecraft:waxed_double_cut_copper_slab": "minecraft:waxed_double_cut_copper_slab",
    "minecraft:waxed_exposed_chiseled_copper": "minecraft:waxed_exposed_chiseled_copper",
    "minecraft:waxed_exposed_copper": "minecraft:waxed_exposed_copper",
    "minecraft:waxed_exposed_copper_bulb": "minecraft:waxed_exposed_copper_bulb",
    "minecraft:waxed_exposed_copper_grate": "minecraft:waxed_exposed_copper_grate",
    "minecraft:waxed_exposed_copper_trapdoor": "minecraft:waxed_exposed_copper_trapdoor",
    "minecraft:waxed_exposed_cut_copper": "minecraft:waxed_exposed_cut_copper",
    "minecraft:waxed_exposed_cut_copper_slab": "minecraft:waxed_exposed_cut_copper_slab",
    "minecraft:waxed_exposed_cut_copper_stairs": "minecraft:waxed_exposed_cut_copper_stairs",
    "minecraft:waxed_exposed_double_cut_copper_slab": "minecraft:waxed_exposed_double_cut_copper_slab",
    "minecraft:waxed_oxidized_chiseled_copper": "minecraft:waxed_oxidized_chiseled_copper",
    "minecraft:waxed_oxidized_copper": "minecraft:waxed_oxidized_copper",
    "minecraft:waxed_oxidized_copper_bulb": "minecraft:waxed_oxidized_copper_bulb",
    "minecraft:waxed_oxidized_copper_grate": "minecraft:waxed_oxidized_copper_grate",
    "minecraft:waxed_oxidized_copper_trapdoor": "minecraft:waxed_oxidized_copper_trapdoor",
    "minecraft:waxed_oxidized_cut_copper": "minecraft:waxed_oxidized_cut_copper",
    "minecraft:waxed_oxidized_cut_copper_slab": "minecraft:waxed_oxidized_cut_copper_slab",
    "minecraft:waxed_oxidized_cut_copper_stairs": "minecraft:waxed_oxidized_cut_copper_stairs",
    "minecraft:waxed_oxidized_double_cut_copper_slab": "minecraft:waxed_oxidized_double_cut_copper_slab",
    "minecraft:waxed_weathered_chiseled_copper": "minecraft:waxed_weathered_chiseled_copper",
    "minecraft:waxed_weathered_copper": "minecraft:waxed_weathered_copper",
    "minecraft:waxed_weathered_copper_bulb": "minecraft:waxed_weathered_copper_bulb",
    "minecraft:waxed_weathered_copper_grate": "minecraft:waxed_weathered_copper_grate",
    "minecraft:waxed_weathered_copper_trapdoor": "minecraft:waxed_weathered_copper_trapdoor",
    "minecraft:waxed_weathered_cut_copper": "minecraft:waxed_weathered_cut_copper",
    "minecraft:waxed_weathered_cut_copper_slab": "minecraft:waxed_weathered_cut_copper_slab",
    "minecraft:waxed_weathered_cut_copper_stairs": "minecraft:waxed_weathered_cut_copper_stairs",
    "minecraft:waxed_weathered_double_cut_copper_slab": "minecraft:waxed_weathered_double_cut_copper_slab",
    "minecraft:weathered_chiseled_copper": "minecraft:weathered_chiseled_copper",
    "minecraft:weathered_copper": "minecraft:weathered_copper",
    "minecraft:weathered_copper_bulb": "minecraft:weathered_copper_bulb",
    "minecraft:weathered_copper_grate": "minecraft:weathered_copper_grate",
    "minecraft:weathered_copper_trapdoor": "minecraft:weathered_copper_trapdoor",
    "minecraft:weathered_cut_copper": "minecraft:weathered_cut_copper",
    "minecraft:weathered_cut_copper_slab": "minecraft:weathered_cut_copper_slab",
    "minecraft:weathered_cut_copper_stairs": "minecraft:weathered_cut_copper_stairs",
    "minecraft:weathered_double_cut_copper_slab": "minecraft:weathered_double_cut_copper_slab",
    "minecraft:web": "minecraft:web",
    "minecraft:weeping_vines": "minecraft:weeping_vines",
    "minecraft:wheat": "minecraft:item.wheat",
    "minecraft:white_candle": "minecraft:white_candle",
    "minecraft:white_candle_cake": "minecraft:white_candle_cake",
    "minecraft:white_carpet": "minecraft:white_carpet",
    "minecraft:white_concrete": "minecraft:white_concrete",
    "minecraft:white_concrete_powder": "minecraft:white_concrete_powder",
    "minecraft:white_glazed_terracotta": "minecraft:white_glazed_terracotta",
    "minecraft:white_shulker_box": "minecraft:white_shulker_box",
    "minecraft:white_stained_glass": "minecraft:white_stained_glass",
    "minecraft:white_stained_glass_pane": "minecraft:white_stained_glass_pane",
    "minecraft:white_terracotta": "minecraft:white_terracotta",
    "minecraft:white_wool": "minecraft:white_wool",
    "minecraft:wither_rose": "minecraft:wither_rose",
    "minecraft:wood": "minecraft:wood",
    "minecraft:wooden_button": "minecraft:wooden_button",
    "minecraft:wooden_door": "minecraft:item.wooden_door",
    "minecraft:wooden_pressure_plate": "minecraft:wooden_pressure_plate",
    "minecraft:wooden_slab": "minecraft:wooden_slab",
    "minecraft:yellow_candle": "minecraft:yellow_candle",
    "minecraft:yellow_candle_cake": "minecraft:yellow_candle_cake",
    "minecraft:yellow_carpet": "minecraft:yellow_carpet",
    "minecraft:yellow_concrete": "minecraft:yellow_concrete",
    "minecraft:yellow_concrete_powder": "minecraft:yellow_concrete_powder",
    "minecraft:yellow_flower": "minecraft:yellow_flower",
    "minecraft:yellow_glazed_terracotta": "minecraft:yellow_glazed_terracotta",
    "minecraft:yellow_shulker_box": "minecraft:yellow_shulker_box",
    "minecraft:yellow_stained_glass": "minecraft:yellow_stained_glass",
    "minecraft:yellow_stained_glass_pane": "minecraft:yellow_stained_glass_pane",
    "minecraft:yellow_terracotta": "minecraft:yellow_terracotta",
    "minecraft:yellow_wool": "minecraft:yellow_wool"
}
