{
    "balloongas": 55,
    "bleach": 63,
    "blockforcefield": 4,
    "bubble": 1,
    "bubblecolumndown": 60,
    "bubblecolumnup": 59,
    "bubblemanual": 2,
    "campfiresmoke": 67,
    "campfiresmoketall": 68,
    "candleflame": 9,
    "carrotboost": 45,
    "coloredflame": 56,
    "conduit": 58,
    "crit": 3,
    "dragonbreath": 48,
    "dragonbreathfire": 69,
    "dragonbreathtrail": 70,
    "dragondestroyblock": 64,
    "driphoney": 29,
    "driplava": 28,
    "dripwater": 27,
    "dustplume": 87,
    "electricspark": 81,
    "enchantingtable": 41,
    "endrod": 47,
    "evaporation": 7,
    "explode": 6,
    "fallingborderdust": 66,
    "fallingdust": 32,
    "fireworks": 53,
    "fireworksoverlay": 54,
    "fireworksstarter": 52,
    "flame": 8,
    "food": 51,
    "heart": 19,
    "hugeexplosion": 17,
    "iconcrack": 14,
    "ink": 36,
    "largeexplode": 16,
    "largesmoke": 11,
    "lava": 10,
    "mobappearance": 46,
    "mobflame": 18,
    "mobspell": 33,
    "mobspellambient": 34,
    "mobspellinstantaneous": 35,
    "myceliumdust": 65,
    "none": 0,
    "note": 43,
    "obsidiantear": 73,
    "portal": 22,
    "portalreverse": 74,
    "rainsplash": 38,
    "reddust": 12,
    "risingborderdust": 13,
    "sculksoul": 83,
    "shriek": 82,
    "shulkerbullet": 62,
    "slime": 37,
    "smoke": 5,
    "sneeze": 61,
    "snowballpoof": 15,
    "snowflake": 75,
    "sonicexplosion": 84,
    "soul": 72,
    "sparkler": 57,
    "spit": 49,
    "stalactitedriplava": 31,
    "stalactitedripwater": 30,
    "terrain": 20,
    "totem": 50,
    "townaura": 21,
    "trackingemitter": 42,
    "villagerangry": 39,
    "villagerhappy": 40,
    "watersplash": 24,
    "watersplashmanual": 25,
    "waterwake": 26,
    "wax": 80,
    "whitesmoke": 88,
    "witchspell": 44
}
