[
    {
        "addition": {
            "meta": 32767,
            "name": "minecraft:netherite_ingot"
        },
        "block": "smithing_table",
        "input": {
            "meta": 32767,
            "name": "minecraft:diamond_axe"
        },
        "output": {
            "name": "minecraft:netherite_axe"
        },
        "template": {
            "meta": 32767,
            "name": "minecraft:netherite_upgrade_smithing_template"
        }
    },
    {
        "addition": {
            "meta": 32767,
            "name": "minecraft:netherite_ingot"
        },
        "block": "smithing_table",
        "input": {
            "meta": 32767,
            "name": "minecraft:diamond_boots"
        },
        "output": {
            "name": "minecraft:netherite_boots"
        },
        "template": {
            "meta": 32767,
            "name": "minecraft:netherite_upgrade_smithing_template"
        }
    },
    {
        "addition": {
            "meta": 32767,
            "name": "minecraft:netherite_ingot"
        },
        "block": "smithing_table",
        "input": {
            "meta": 32767,
            "name": "minecraft:diamond_chestplate"
        },
        "output": {
            "name": "minecraft:netherite_chestplate"
        },
        "template": {
            "meta": 32767,
            "name": "minecraft:netherite_upgrade_smithing_template"
        }
    },
    {
        "addition": {
            "meta": 32767,
            "name": "minecraft:netherite_ingot"
        },
        "block": "smithing_table",
        "input": {
            "meta": 32767,
            "name": "minecraft:diamond_helmet"
        },
        "output": {
            "name": "minecraft:netherite_helmet"
        },
        "template": {
            "meta": 32767,
            "name": "minecraft:netherite_upgrade_smithing_template"
        }
    },
    {
        "addition": {
            "meta": 32767,
            "name": "minecraft:netherite_ingot"
        },
        "block": "smithing_table",
        "input": {
            "meta": 32767,
            "name": "minecraft:diamond_hoe"
        },
        "output": {
            "name": "minecraft:netherite_hoe"
        },
        "template": {
            "meta": 32767,
            "name": "minecraft:netherite_upgrade_smithing_template"
        }
    },
    {
        "addition": {
            "meta": 32767,
            "name": "minecraft:netherite_ingot"
        },
        "block": "smithing_table",
        "input": {
            "meta": 32767,
            "name": "minecraft:diamond_leggings"
        },
        "output": {
            "name": "minecraft:netherite_leggings"
        },
        "template": {
            "meta": 32767,
            "name": "minecraft:netherite_upgrade_smithing_template"
        }
    },
    {
        "addition": {
            "meta": 32767,
            "name": "minecraft:netherite_ingot"
        },
        "block": "smithing_table",
        "input": {
            "meta": 32767,
            "name": "minecraft:diamond_pickaxe"
        },
        "output": {
            "name": "minecraft:netherite_pickaxe"
        },
        "template": {
            "meta": 32767,
            "name": "minecraft:netherite_upgrade_smithing_template"
        }
    },
    {
        "addition": {
            "meta": 32767,
            "name": "minecraft:netherite_ingot"
        },
        "block": "smithing_table",
        "input": {
            "meta": 32767,
            "name": "minecraft:diamond_shovel"
        },
        "output": {
            "name": "minecraft:netherite_shovel"
        },
        "template": {
            "meta": 32767,
            "name": "minecraft:netherite_upgrade_smithing_template"
        }
    },
    {
        "addition": {
            "meta": 32767,
            "name": "minecraft:netherite_ingot"
        },
        "block": "smithing_table",
        "input": {
            "meta": 32767,
            "name": "minecraft:diamond_sword"
        },
        "output": {
            "name": "minecraft:netherite_sword"
        },
        "template": {
            "meta": 32767,
            "name": "minecraft:netherite_upgrade_smithing_template"
        }
    }
]
