{
    "minecraft:chicken": 10,
    "minecraft:cow": 11,
    "minecraft:pig": 12,
    "minecraft:sheep": 13,
    "minecraft:wolf": 14,
    "minecraft:villager": 15,
    "minecraft:mooshroom": 16,
    "minecraft:squid": 17,
    "minecraft:rabbit": 18,
    "minecraft:bat": 19,
    "minecraft:iron_golem": 20,
    "minecraft:snow_golem": 21,
    "minecraft:ocelot": 22,
    "minecraft:horse": 23,
    "minecraft:donkey": 24,
    "minecraft:mule": 25,
    "minecraft:skeleton_horse": 26,
    "minecraft:zombie_horse": 27,
    "minecraft:polar_bear": 28,
    "minecraft:llama": 29,
    "minecraft:parrot": 30,
    "minecraft:dolphin": 31,
    "minecraft:zombie": 32,
    "minecraft:creeper": 33,
    "minecraft:skeleton": 34,
    "minecraft:spider": 35,
    "minecraft:zombie_pigman": 36,
    "minecraft:slime": 37,
    "minecraft:enderman": 38,
    "minecraft:silverfish": 39,
    "minecraft:cave_spider": 40,
    "minecraft:ghast": 41,
    "minecraft:magma_cube": 42,
    "minecraft:blaze": 43,
    "minecraft:zombie_villager": 44,
    "minecraft:witch": 45,
    "minecraft:stray": 46,
    "minecraft:husk": 47,
    "minecraft:wither_skeleton": 48,
    "minecraft:guardian": 49,
    "minecraft:elder_guardian": 50,
    "minecraft:npc": 51,
    "minecraft:wither": 52,
    "minecraft:ender_dragon": 53,
    "minecraft:shulker": 54,
    "minecraft:endermite": 55,
    "minecraft:agent": 56,
    "minecraft:vindicator": 57,
    "minecraft:phantom": 58,
    "minecraft:ravager": 59,
    "minecraft:armor_stand": 61,
    "minecraft:tripod_camera": 62,
    "minecraft:item": 64,
    "minecraft:tnt": 65,
    "minecraft:falling_block": 66,
    "minecraft:xp_bottle": 68,
    "minecraft:xp_orb": 69,
    "minecraft:eye_of_ender_signal": 70,
    "minecraft:ender_crystal": 71,
    "minecraft:fireworks_rocket": 72,
    "minecraft:thrown_trident": 73,
    "minecraft:turtle": 74,
    "minecraft:cat": 75,
    "minecraft:shulker_bullet": 76,
    "minecraft:fishing_hook": 77,
    "minecraft:dragon_fireball": 79,
    "minecraft:arrow": 80,
    "minecraft:snowball": 81,
    "minecraft:egg": 82,
    "minecraft:painting": 83,
    "minecraft:minecart": 84,
    "minecraft:fireball": 85,
    "minecraft:splash_potion": 86,
    "minecraft:ender_pearl": 87,
    "minecraft:leash_knot": 88,
    "minecraft:wither_skull": 89,
    "minecraft:boat": 90,
    "minecraft:wither_skull_dangerous": 91,
    "minecraft:lightning_bolt": 93,
    "minecraft:small_fireball": 94,
    "minecraft:area_effect_cloud": 95,
    "minecraft:hopper_minecart": 96,
    "minecraft:tnt_minecart": 97,
    "minecraft:chest_minecart": 98,
    "minecraft:command_block_minecart": 100,
    "minecraft:lingering_potion": 101,
    "minecraft:llama_spit": 102,
    "minecraft:evocation_fang": 103,
    "minecraft:evocation_illager": 104,
    "minecraft:vex": 105,
    "minecraft:ice_bomb": 106,
    "minecraft:balloon": 107,
    "minecraft:pufferfish": 108,
    "minecraft:salmon": 109,
    "minecraft:drowned": 110,
    "minecraft:tropicalfish": 111,
    "minecraft:cod": 112,
    "minecraft:panda": 113,
    "minecraft:pillager": 114,
    "minecraft:villager_v2": 115,
    "minecraft:zombie_villager_v2": 116,
    "minecraft:wandering_trader": 118,
    "minecraft:elder_guardian_ghost": 120,
    "minecraft:fox": 121,
    "minecraft:bee": 122,
    "minecraft:piglin": 123,
    "minecraft:hoglin": 124,
    "minecraft:strider": 125,
    "minecraft:zoglin": 126,
    "minecraft:piglin_brute": 127,
    "minecraft:goat": 128,
    "minecraft:glow_squid": 129,
    "minecraft:axolotl": 130,
    "minecraft:warden": 131,
    "minecraft:frog": 132,
    "minecraft:tadpole": 133,
    "minecraft:allay": 134,
    "minecraft:camel": 138,
    "minecraft:trader_llama": 157,
    "minecraft:chest_boat": 218,
    "minecraft:player": 257
}
