{
    "minecraft:arrow": [
        "minecraft:arrow"
    ],
    "minecraft:banner": [
        "minecraft:banner"
    ],
    "minecraft:boat": [
        "minecraft:acacia_boat",
        "minecraft:acacia_chest_boat",
        "minecraft:bamboo_chest_raft",
        "minecraft:bamboo_raft",
        "minecraft:birch_boat",
        "minecraft:birch_chest_boat",
        "minecraft:cherry_boat",
        "minecraft:cherry_chest_boat",
        "minecraft:dark_oak_boat",
        "minecraft:dark_oak_chest_boat",
        "minecraft:jungle_boat",
        "minecraft:jungle_chest_boat",
        "minecraft:mangrove_boat",
        "minecraft:mangrove_chest_boat",
        "minecraft:oak_boat",
        "minecraft:oak_chest_boat",
        "minecraft:spruce_boat",
        "minecraft:spruce_chest_boat"
    ],
    "minecraft:boats": [
        "minecraft:acacia_boat",
        "minecraft:acacia_chest_boat",
        "minecraft:bamboo_chest_raft",
        "minecraft:bamboo_raft",
        "minecraft:birch_boat",
        "minecraft:birch_chest_boat",
        "minecraft:cherry_boat",
        "minecraft:cherry_chest_boat",
        "minecraft:dark_oak_boat",
        "minecraft:dark_oak_chest_boat",
        "minecraft:jungle_boat",
        "minecraft:jungle_chest_boat",
        "minecraft:mangrove_boat",
        "minecraft:mangrove_chest_boat",
        "minecraft:oak_boat",
        "minecraft:oak_chest_boat",
        "minecraft:spruce_boat",
        "minecraft:spruce_chest_boat"
    ],
    "minecraft:bookshelf_books": [
        "minecraft:book",
        "minecraft:enchanted_book",
        "minecraft:writable_book",
        "minecraft:written_book"
    ],
    "minecraft:chainmail_tier": [
        "minecraft:chainmail_boots",
        "minecraft:chainmail_chestplate",
        "minecraft:chainmail_helmet",
        "minecraft:chainmail_leggings"
    ],
    "minecraft:coals": [
        "minecraft:charcoal",
        "minecraft:coal"
    ],
    "minecraft:crimson_stems": [
        "minecraft:crimson_hyphae",
        "minecraft:crimson_stem",
        "minecraft:stripped_crimson_hyphae",
        "minecraft:stripped_crimson_stem"
    ],
    "minecraft:decorated_pot_shards": [
        "minecraft:angler_pottery_shard",
        "minecraft:archer_pottery_shard",
        "minecraft:arms_up_pottery_shard",
        "minecraft:blade_pottery_shard",
        "minecraft:brewer_pottery_shard",
        "minecraft:brick",
        "minecraft:burn_pottery_shard",
        "minecraft:danger_pottery_shard",
        "minecraft:explorer_pottery_shard",
        "minecraft:friend_pottery_shard",
        "minecraft:heart_pottery_shard",
        "minecraft:heartbreak_pottery_shard",
        "minecraft:howl_pottery_shard",
        "minecraft:miner_pottery_shard",
        "minecraft:mourner_pottery_shard",
        "minecraft:plenty_pottery_shard",
        "minecraft:prize_pottery_shard",
        "minecraft:sheaf_pottery_shard",
        "minecraft:shelter_pottery_shard",
        "minecraft:skull_pottery_shard",
        "minecraft:snort_pottery_shard"
    ],
    "minecraft:diamond_tier": [
        "minecraft:diamond_axe",
        "minecraft:diamond_boots",
        "minecraft:diamond_chestplate",
        "minecraft:diamond_helmet",
        "minecraft:diamond_hoe",
        "minecraft:diamond_leggings",
        "minecraft:diamond_pickaxe",
        "minecraft:diamond_shovel",
        "minecraft:diamond_sword"
    ],
    "minecraft:digger": [
        "minecraft:diamond_axe",
        "minecraft:diamond_hoe",
        "minecraft:diamond_pickaxe",
        "minecraft:diamond_shovel",
        "minecraft:golden_axe",
        "minecraft:golden_hoe",
        "minecraft:golden_pickaxe",
        "minecraft:golden_shovel",
        "minecraft:iron_axe",
        "minecraft:iron_hoe",
        "minecraft:iron_pickaxe",
        "minecraft:iron_shovel",
        "minecraft:netherite_axe",
        "minecraft:netherite_hoe",
        "minecraft:netherite_pickaxe",
        "minecraft:netherite_shovel",
        "minecraft:stone_axe",
        "minecraft:stone_hoe",
        "minecraft:stone_pickaxe",
        "minecraft:stone_shovel",
        "minecraft:wooden_axe",
        "minecraft:wooden_hoe",
        "minecraft:wooden_pickaxe",
        "minecraft:wooden_shovel"
    ],
    "minecraft:door": [
        "minecraft:acacia_door",
        "minecraft:bamboo_door",
        "minecraft:birch_door",
        "minecraft:cherry_door",
        "minecraft:crimson_door",
        "minecraft:dark_oak_door",
        "minecraft:iron_door",
        "minecraft:jungle_door",
        "minecraft:mangrove_door",
        "minecraft:spruce_door",
        "minecraft:warped_door",
        "minecraft:wooden_door"
    ],
    "minecraft:golden_tier": [
        "minecraft:golden_axe",
        "minecraft:golden_boots",
        "minecraft:golden_chestplate",
        "minecraft:golden_helmet",
        "minecraft:golden_hoe",
        "minecraft:golden_leggings",
        "minecraft:golden_pickaxe",
        "minecraft:golden_shovel",
        "minecraft:golden_sword"
    ],
    "minecraft:hanging_actor": [
        "minecraft:painting"
    ],
    "minecraft:horse_armor": [
        "minecraft:diamond_horse_armor",
        "minecraft:golden_horse_armor",
        "minecraft:iron_horse_armor",
        "minecraft:leather_horse_armor"
    ],
    "minecraft:iron_tier": [
        "minecraft:iron_axe",
        "minecraft:iron_boots",
        "minecraft:iron_chestplate",
        "minecraft:iron_helmet",
        "minecraft:iron_hoe",
        "minecraft:iron_leggings",
        "minecraft:iron_pickaxe",
        "minecraft:iron_shovel",
        "minecraft:iron_sword"
    ],
    "minecraft:is_armor": [
        "minecraft:chainmail_boots",
        "minecraft:chainmail_chestplate",
        "minecraft:chainmail_helmet",
        "minecraft:chainmail_leggings",
        "minecraft:diamond_boots",
        "minecraft:diamond_chestplate",
        "minecraft:diamond_helmet",
        "minecraft:diamond_leggings",
        "minecraft:elytra",
        "minecraft:golden_boots",
        "minecraft:golden_chestplate",
        "minecraft:golden_helmet",
        "minecraft:golden_leggings",
        "minecraft:iron_boots",
        "minecraft:iron_chestplate",
        "minecraft:iron_helmet",
        "minecraft:iron_leggings",
        "minecraft:leather_boots",
        "minecraft:leather_chestplate",
        "minecraft:leather_helmet",
        "minecraft:leather_leggings",
        "minecraft:netherite_boots",
        "minecraft:netherite_chestplate",
        "minecraft:netherite_helmet",
        "minecraft:netherite_leggings",
        "minecraft:turtle_helmet"
    ],
    "minecraft:is_axe": [
        "minecraft:diamond_axe",
        "minecraft:golden_axe",
        "minecraft:iron_axe",
        "minecraft:netherite_axe",
        "minecraft:stone_axe",
        "minecraft:wooden_axe"
    ],
    "minecraft:is_cooked": [
        "minecraft:cooked_beef",
        "minecraft:cooked_chicken",
        "minecraft:cooked_cod",
        "minecraft:cooked_mutton",
        "minecraft:cooked_porkchop",
        "minecraft:cooked_rabbit",
        "minecraft:cooked_salmon",
        "minecraft:rabbit_stew"
    ],
    "minecraft:is_fish": [
        "minecraft:cod",
        "minecraft:cooked_cod",
        "minecraft:cooked_salmon",
        "minecraft:pufferfish",
        "minecraft:salmon",
        "minecraft:tropical_fish"
    ],
    "minecraft:is_food": [
        "minecraft:apple",
        "minecraft:baked_potato",
        "minecraft:beef",
        "minecraft:beetroot",
        "minecraft:beetroot_soup",
        "minecraft:bread",
        "minecraft:carrot",
        "minecraft:chicken",
        "minecraft:cooked_beef",
        "minecraft:cooked_chicken",
        "minecraft:cooked_mutton",
        "minecraft:cooked_porkchop",
        "minecraft:cooked_rabbit",
        "minecraft:cookie",
        "minecraft:dried_kelp",
        "minecraft:enchanted_golden_apple",
        "minecraft:golden_apple",
        "minecraft:golden_carrot",
        "minecraft:melon_slice",
        "minecraft:mushroom_stew",
        "minecraft:mutton",
        "minecraft:porkchop",
        "minecraft:potato",
        "minecraft:pumpkin_pie",
        "minecraft:rabbit",
        "minecraft:rabbit_stew",
        "minecraft:rotten_flesh",
        "minecraft:sweet_berries"
    ],
    "minecraft:is_hoe": [
        "minecraft:diamond_hoe",
        "minecraft:golden_hoe",
        "minecraft:iron_hoe",
        "minecraft:netherite_hoe",
        "minecraft:stone_hoe",
        "minecraft:wooden_hoe"
    ],
    "minecraft:is_meat": [
        "minecraft:beef",
        "minecraft:chicken",
        "minecraft:cooked_beef",
        "minecraft:cooked_chicken",
        "minecraft:cooked_mutton",
        "minecraft:cooked_porkchop",
        "minecraft:cooked_rabbit",
        "minecraft:mutton",
        "minecraft:porkchop",
        "minecraft:rabbit",
        "minecraft:rabbit_stew",
        "minecraft:rotten_flesh"
    ],
    "minecraft:is_minecart": [
        "minecraft:chest_minecart",
        "minecraft:command_block_minecart",
        "minecraft:hopper_minecart",
        "minecraft:minecart",
        "minecraft:tnt_minecart"
    ],
    "minecraft:is_pickaxe": [
        "minecraft:diamond_pickaxe",
        "minecraft:golden_pickaxe",
        "minecraft:iron_pickaxe",
        "minecraft:netherite_pickaxe",
        "minecraft:stone_pickaxe",
        "minecraft:wooden_pickaxe"
    ],
    "minecraft:is_shovel": [
        "minecraft:diamond_shovel",
        "minecraft:golden_shovel",
        "minecraft:iron_shovel",
        "minecraft:netherite_shovel",
        "minecraft:stone_shovel",
        "minecraft:wooden_shovel"
    ],
    "minecraft:is_sword": [
        "minecraft:diamond_sword",
        "minecraft:golden_sword",
        "minecraft:iron_sword",
        "minecraft:netherite_sword",
        "minecraft:stone_sword",
        "minecraft:wooden_sword"
    ],
    "minecraft:is_tool": [
        "minecraft:diamond_axe",
        "minecraft:diamond_hoe",
        "minecraft:diamond_pickaxe",
        "minecraft:diamond_shovel",
        "minecraft:diamond_sword",
        "minecraft:golden_axe",
        "minecraft:golden_hoe",
        "minecraft:golden_pickaxe",
        "minecraft:golden_shovel",
        "minecraft:golden_sword",
        "minecraft:iron_axe",
        "minecraft:iron_hoe",
        "minecraft:iron_pickaxe",
        "minecraft:iron_shovel",
        "minecraft:iron_sword",
        "minecraft:netherite_axe",
        "minecraft:netherite_hoe",
        "minecraft:netherite_pickaxe",
        "minecraft:netherite_shovel",
        "minecraft:netherite_sword",
        "minecraft:stone_axe",
        "minecraft:stone_hoe",
        "minecraft:stone_pickaxe",
        "minecraft:stone_shovel",
        "minecraft:stone_sword",
        "minecraft:wooden_axe",
        "minecraft:wooden_hoe",
        "minecraft:wooden_pickaxe",
        "minecraft:wooden_shovel",
        "minecraft:wooden_sword"
    ],
    "minecraft:is_trident": [
        "minecraft:trident"
    ],
    "minecraft:leather_tier": [
        "minecraft:leather_boots",
        "minecraft:leather_chestplate",
        "minecraft:leather_helmet",
        "minecraft:leather_leggings"
    ],
    "minecraft:lectern_books": [
        "minecraft:writable_book",
        "minecraft:written_book"
    ],
    "minecraft:logs": [
        "minecraft:acacia_log",
        "minecraft:birch_log",
        "minecraft:cherry_log",
        "minecraft:cherry_wood",
        "minecraft:crimson_hyphae",
        "minecraft:crimson_stem",
        "minecraft:dark_oak_log",
        "minecraft:jungle_log",
        "minecraft:mangrove_log",
        "minecraft:mangrove_wood",
        "minecraft:oak_log",
        "minecraft:spruce_log",
        "minecraft:stripped_acacia_log",
        "minecraft:stripped_birch_log",
        "minecraft:stripped_cherry_log",
        "minecraft:stripped_cherry_wood",
        "minecraft:stripped_crimson_hyphae",
        "minecraft:stripped_crimson_stem",
        "minecraft:stripped_dark_oak_log",
        "minecraft:stripped_jungle_log",
        "minecraft:stripped_mangrove_log",
        "minecraft:stripped_mangrove_wood",
        "minecraft:stripped_oak_log",
        "minecraft:stripped_spruce_log",
        "minecraft:stripped_warped_hyphae",
        "minecraft:stripped_warped_stem",
        "minecraft:warped_hyphae",
        "minecraft:warped_stem",
        "minecraft:wood"
    ],
    "minecraft:logs_that_burn": [
        "minecraft:acacia_log",
        "minecraft:birch_log",
        "minecraft:cherry_log",
        "minecraft:cherry_wood",
        "minecraft:dark_oak_log",
        "minecraft:jungle_log",
        "minecraft:mangrove_log",
        "minecraft:mangrove_wood",
        "minecraft:oak_log",
        "minecraft:spruce_log",
        "minecraft:stripped_acacia_log",
        "minecraft:stripped_birch_log",
        "minecraft:stripped_cherry_log",
        "minecraft:stripped_cherry_wood",
        "minecraft:stripped_dark_oak_log",
        "minecraft:stripped_jungle_log",
        "minecraft:stripped_mangrove_log",
        "minecraft:stripped_mangrove_wood",
        "minecraft:stripped_oak_log",
        "minecraft:stripped_spruce_log",
        "minecraft:wood"
    ],
    "minecraft:mangrove_logs": [
        "minecraft:mangrove_log",
        "minecraft:mangrove_wood",
        "minecraft:stripped_mangrove_log",
        "minecraft:stripped_mangrove_wood"
    ],
    "minecraft:music_disc": [
        "minecraft:music_disc_11",
        "minecraft:music_disc_13",
        "minecraft:music_disc_5",
        "minecraft:music_disc_blocks",
        "minecraft:music_disc_cat",
        "minecraft:music_disc_chirp",
        "minecraft:music_disc_far",
        "minecraft:music_disc_mall",
        "minecraft:music_disc_mellohi",
        "minecraft:music_disc_otherside",
        "minecraft:music_disc_pigstep",
        "minecraft:music_disc_stal",
        "minecraft:music_disc_strad",
        "minecraft:music_disc_wait",
        "minecraft:music_disc_ward"
    ],
    "minecraft:netherite_tier": [
        "minecraft:netherite_axe",
        "minecraft:netherite_boots",
        "minecraft:netherite_chestplate",
        "minecraft:netherite_helmet",
        "minecraft:netherite_hoe",
        "minecraft:netherite_leggings",
        "minecraft:netherite_pickaxe",
        "minecraft:netherite_shovel",
        "minecraft:netherite_sword"
    ],
    "minecraft:planks": [
        "minecraft:bamboo_planks",
        "minecraft:cherry_planks",
        "minecraft:crimson_planks",
        "minecraft:mangrove_planks",
        "minecraft:planks",
        "minecraft:warped_planks"
    ],
    "minecraft:sand": [
        "minecraft:sand"
    ],
    "minecraft:sign": [
        "minecraft:acacia_hanging_sign",
        "minecraft:acacia_sign",
        "minecraft:bamboo_hanging_sign",
        "minecraft:bamboo_sign",
        "minecraft:birch_hanging_sign",
        "minecraft:birch_sign",
        "minecraft:cherry_hanging_sign",
        "minecraft:cherry_sign",
        "minecraft:crimson_hanging_sign",
        "minecraft:crimson_sign",
        "minecraft:dark_oak_hanging_sign",
        "minecraft:dark_oak_sign",
        "minecraft:jungle_hanging_sign",
        "minecraft:jungle_sign",
        "minecraft:mangrove_hanging_sign",
        "minecraft:mangrove_sign",
        "minecraft:oak_hanging_sign",
        "minecraft:oak_sign",
        "minecraft:spruce_hanging_sign",
        "minecraft:spruce_sign",
        "minecraft:warped_hanging_sign",
        "minecraft:warped_sign"
    ],
    "minecraft:soul_fire_base_blocks": [
        "minecraft:soul_sand",
        "minecraft:soul_soil"
    ],
    "minecraft:spawn_egg": [
        "minecraft:agent_spawn_egg",
        "minecraft:allay_spawn_egg",
        "minecraft:axolotl_spawn_egg",
        "minecraft:bat_spawn_egg",
        "minecraft:bee_spawn_egg",
        "minecraft:blaze_spawn_egg",
        "minecraft:camel_spawn_egg",
        "minecraft:cat_spawn_egg",
        "minecraft:cave_spider_spawn_egg",
        "minecraft:chicken_spawn_egg",
        "minecraft:cod_spawn_egg",
        "minecraft:cow_spawn_egg",
        "minecraft:creeper_spawn_egg",
        "minecraft:dolphin_spawn_egg",
        "minecraft:donkey_spawn_egg",
        "minecraft:drowned_spawn_egg",
        "minecraft:elder_guardian_spawn_egg",
        "minecraft:ender_dragon_spawn_egg",
        "minecraft:enderman_spawn_egg",
        "minecraft:endermite_spawn_egg",
        "minecraft:evoker_spawn_egg",
        "minecraft:fox_spawn_egg",
        "minecraft:frog_spawn_egg",
        "minecraft:ghast_spawn_egg",
        "minecraft:glow_squid_spawn_egg",
        "minecraft:goat_spawn_egg",
        "minecraft:guardian_spawn_egg",
        "minecraft:hoglin_spawn_egg",
        "minecraft:horse_spawn_egg",
        "minecraft:husk_spawn_egg",
        "minecraft:iron_golem_spawn_egg",
        "minecraft:llama_spawn_egg",
        "minecraft:magma_cube_spawn_egg",
        "minecraft:mooshroom_spawn_egg",
        "minecraft:mule_spawn_egg",
        "minecraft:npc_spawn_egg",
        "minecraft:ocelot_spawn_egg",
        "minecraft:panda_spawn_egg",
        "minecraft:parrot_spawn_egg",
        "minecraft:phantom_spawn_egg",
        "minecraft:pig_spawn_egg",
        "minecraft:piglin_brute_spawn_egg",
        "minecraft:piglin_spawn_egg",
        "minecraft:pillager_spawn_egg",
        "minecraft:polar_bear_spawn_egg",
        "minecraft:pufferfish_spawn_egg",
        "minecraft:rabbit_spawn_egg",
        "minecraft:ravager_spawn_egg",
        "minecraft:salmon_spawn_egg",
        "minecraft:sheep_spawn_egg",
        "minecraft:shulker_spawn_egg",
        "minecraft:silverfish_spawn_egg",
        "minecraft:skeleton_horse_spawn_egg",
        "minecraft:skeleton_spawn_egg",
        "minecraft:slime_spawn_egg",
        "minecraft:sniffer_spawn_egg",
        "minecraft:snow_golem_spawn_egg",
        "minecraft:spawn_egg",
        "minecraft:spider_spawn_egg",
        "minecraft:squid_spawn_egg",
        "minecraft:stray_spawn_egg",
        "minecraft:strider_spawn_egg",
        "minecraft:tadpole_spawn_egg",
        "minecraft:trader_llama_spawn_egg",
        "minecraft:tropical_fish_spawn_egg",
        "minecraft:turtle_spawn_egg",
        "minecraft:vex_spawn_egg",
        "minecraft:villager_spawn_egg",
        "minecraft:vindicator_spawn_egg",
        "minecraft:wandering_trader_spawn_egg",
        "minecraft:warden_spawn_egg",
        "minecraft:witch_spawn_egg",
        "minecraft:wither_skeleton_spawn_egg",
        "minecraft:wither_spawn_egg",
        "minecraft:wolf_spawn_egg",
        "minecraft:zoglin_spawn_egg",
        "minecraft:zombie_horse_spawn_egg",
        "minecraft:zombie_pigman_spawn_egg",
        "minecraft:zombie_spawn_egg",
        "minecraft:zombie_villager_spawn_egg"
    ],
    "minecraft:stone_bricks": [
        "minecraft:stonebrick"
    ],
    "minecraft:stone_crafting_materials": [
        "minecraft:blackstone",
        "minecraft:cobbled_deepslate",
        "minecraft:cobblestone"
    ],
    "minecraft:stone_tier": [
        "minecraft:stone_axe",
        "minecraft:stone_hoe",
        "minecraft:stone_pickaxe",
        "minecraft:stone_shovel",
        "minecraft:stone_sword"
    ],
    "minecraft:stone_tool_materials": [
        "minecraft:blackstone",
        "minecraft:cobbled_deepslate",
        "minecraft:cobblestone"
    ],
    "minecraft:transform_materials": [
        "minecraft:netherite_ingot"
    ],
    "minecraft:transform_templates": [
        "minecraft:netherite_upgrade_smithing_template"
    ],
    "minecraft:transformable_items": [
        "minecraft:diamond_axe",
        "minecraft:diamond_boots",
        "minecraft:diamond_chestplate",
        "minecraft:diamond_helmet",
        "minecraft:diamond_hoe",
        "minecraft:diamond_leggings",
        "minecraft:diamond_pickaxe",
        "minecraft:diamond_shovel",
        "minecraft:diamond_sword"
    ],
    "minecraft:trim_materials": [
        "minecraft:amethyst_shard",
        "minecraft:copper_ingot",
        "minecraft:diamond",
        "minecraft:emerald",
        "minecraft:gold_ingot",
        "minecraft:iron_ingot",
        "minecraft:lapis_lazuli",
        "minecraft:netherite_ingot",
        "minecraft:quartz",
        "minecraft:redstone"
    ],
    "minecraft:trim_templates": [
        "minecraft:coast_armor_trim_smithing_template",
        "minecraft:dune_armor_trim_smithing_template",
        "minecraft:eye_armor_trim_smithing_template",
        "minecraft:host_armor_trim_smithing_template",
        "minecraft:raiser_armor_trim_smithing_template",
        "minecraft:rib_armor_trim_smithing_template",
        "minecraft:sentry_armor_trim_smithing_template",
        "minecraft:shaper_armor_trim_smithing_template",
        "minecraft:silence_armor_trim_smithing_template",
        "minecraft:snout_armor_trim_smithing_template",
        "minecraft:spire_armor_trim_smithing_template",
        "minecraft:tide_armor_trim_smithing_template",
        "minecraft:vex_armor_trim_smithing_template",
        "minecraft:ward_armor_trim_smithing_template",
        "minecraft:wayfinder_armor_trim_smithing_template",
        "minecraft:wild_armor_trim_smithing_template"
    ],
    "minecraft:trimmable_armors": [
        "minecraft:chainmail_boots",
        "minecraft:chainmail_chestplate",
        "minecraft:chainmail_helmet",
        "minecraft:chainmail_leggings",
        "minecraft:diamond_boots",
        "minecraft:diamond_chestplate",
        "minecraft:diamond_helmet",
        "minecraft:diamond_leggings",
        "minecraft:golden_boots",
        "minecraft:golden_chestplate",
        "minecraft:golden_helmet",
        "minecraft:golden_leggings",
        "minecraft:iron_boots",
        "minecraft:iron_chestplate",
        "minecraft:iron_helmet",
        "minecraft:iron_leggings",
        "minecraft:leather_boots",
        "minecraft:leather_chestplate",
        "minecraft:leather_helmet",
        "minecraft:leather_leggings",
        "minecraft:netherite_boots",
        "minecraft:netherite_chestplate",
        "minecraft:netherite_helmet",
        "minecraft:netherite_leggings",
        "minecraft:turtle_helmet"
    ],
    "minecraft:vibration_damper": [
        "minecraft:black_wool",
        "minecraft:blue_wool",
        "minecraft:brown_wool",
        "minecraft:carpet",
        "minecraft:cyan_wool",
        "minecraft:gray_wool",
        "minecraft:green_wool",
        "minecraft:light_blue_wool",
        "minecraft:light_gray_wool",
        "minecraft:lime_wool",
        "minecraft:magenta_wool",
        "minecraft:orange_wool",
        "minecraft:pink_wool",
        "minecraft:purple_wool",
        "minecraft:red_wool",
        "minecraft:white_wool",
        "minecraft:yellow_wool"
    ],
    "minecraft:warped_stems": [
        "minecraft:stripped_warped_hyphae",
        "minecraft:stripped_warped_stem",
        "minecraft:warped_hyphae",
        "minecraft:warped_stem"
    ],
    "minecraft:wooden_slabs": [
        "minecraft:bamboo_slab",
        "minecraft:cherry_slab",
        "minecraft:crimson_slab",
        "minecraft:mangrove_slab",
        "minecraft:warped_slab",
        "minecraft:wooden_slab"
    ],
    "minecraft:wooden_tier": [
        "minecraft:wooden_axe",
        "minecraft:wooden_hoe",
        "minecraft:wooden_pickaxe",
        "minecraft:wooden_shovel",
        "minecraft:wooden_sword"
    ],
    "minecraft:wool": [
        "minecraft:black_wool",
        "minecraft:blue_wool",
        "minecraft:brown_wool",
        "minecraft:cyan_wool",
        "minecraft:gray_wool",
        "minecraft:green_wool",
        "minecraft:light_blue_wool",
        "minecraft:light_gray_wool",
        "minecraft:lime_wool",
        "minecraft:magenta_wool",
        "minecraft:orange_wool",
        "minecraft:pink_wool",
        "minecraft:purple_wool",
        "minecraft:red_wool",
        "minecraft:white_wool",
        "minecraft:yellow_wool"
    ]
}
